file_name,page,extraction_method,confidence,status,issues,vendor_name,vendor_gstin,invoice_number,invoice_date,taxable_amount,total_gst_amount,total_amount,buyer_name,buyer_gstin,place_of_supply,cgst_amount,sgst_amount,igst_amount,hsn_codes,line_items,payment_due_date,po_number,currency_code,tax_label_raw
invoice_51109301.pdf,1,digital_text,99.0,PASSED,,TechVision Distributors Pvt Ltd,27AABCT1234F1Z5,51109301,03-07-2023,1676976.0,167697.6,1844673.6,Raj Electronics Pvt Ltd,,,,,,,"[{""description"": ""Garmin Fenix 7 Solar Multisport GPS"", ""hsn_code"": null, ""quantity"": 9.0, ""rate"": 74120.0, ""amount"": 667080.0}, {""description"": ""Apple Watch Series 9 GPS Midnight"", ""hsn_code"": null, ""quantity"": 8.0, ""rate"": 52083.0, ""amount"": 416664.0}, {""description"": ""Xiaomi 14 Pro 512GB White"", ""hsn_code"": null, ""quantity"": 8.0, ""rate"": 74154.0, ""amount"": 593232.0}]",,,INR,VAT
invoice_51109302.pdf,1,digital_text,99.0,PASSED,,TechVision Distributors Pvt Ltd,27AABCT1234F1Z5,51109302,25-09-2023,1780513.0,178051.3,1958564.3,Sharma Tech Solutions,,,,,,,"[{""description"": ""Apple MacBook Air M2 8GB 256GB Silver"", ""hsn_code"": null, ""quantity"": 7.0, ""rate"": 102933.0, ""amount"": 720531.0}, {""description"": ""TP-Link Archer AX73 WiFi 6 Router"", ""hsn_code"": null, ""quantity"": 5.0, ""rate"": 15075.0, ""amount"": 75375.0}, {""description"": ""Samsung Galaxy Tab S9 256GB Graphite"", ""hsn_code"": null, ""quantity"": 1.0, ""rate"": 76786.0, ""amount"": 76786.0}, {""description"": ""LG UltraGear 27 inch 165Hz Gaming Monitor"", ""hsn_code"": null, ""quantity"": 5.0, ""rate"": 28169.0, ""amount"": 140845.0}, {""description"": ""JBL Flip 6 Portable Bluetooth Speaker"", ""hsn_code"": null, ""quantity"": 4.0, ""rate"": 11692.0, ""amount"": 46768.0}, {""description"": ""Vivo X100 Pro 256GB Asteroid Black"", ""hsn_code"": null, ""quantity"": 8.0, ""rate"": 90026.0, ""amount"": 720208.0}]",,,INR,VAT
invoice_51109303.pdf,1,digital_text,99.0,PASSED,,TechVision Distributors Pvt Ltd,27AABCT1234F1Z5,51109303,12-08-2023,956835.0,95683.5,1052518.5,Gadget House,,,,,,,"[{""description"": ""Samsung Galaxy S24 256GB Phantom Black"", ""hsn_code"": null, ""quantity"": 6, ""rate"": 69613.0, ""amount"": 459445.8}, {""description"": ""Lenovo Tab P12 Pro 256GB Storm Grey"", ""hsn_code"": null, ""quantity"": 5, ""rate"": 43706.0, ""amount"": 240383.0}, {""description"": ""TP-Link Archer AX73 WiFi 6 Router"", ""hsn_code"": null, ""quantity"": 8, ""rate"": 12767.0, ""amount"": 112349.6}, {""description"": ""LG UltraGear 27 inch 165Hz Gaming Monitor"", ""hsn_code"": null, ""quantity"": 7, ""rate"": 31213.0, ""amount"": 240340.1}]",,,INR,VAT
invoice_51109304.pdf,1,digital_text,99.0,PASSED,,TechVision Distributors Pvt Ltd Chennai Digital Store,27AABCT1234F1Z5,51109304,07-10-2023,1704063.0,170406.3,1874469.3,,,,,,,,"[{""description"": ""GoPro Hero 12 Black Action Camera"", ""hsn_code"": null, ""quantity"": 1.0, ""rate"": 37281.0, ""amount"": 37281.0}, {""description"": ""Boat Rockerz 550 Bluetooth Headphones"", ""hsn_code"": null, ""quantity"": 4.0, ""rate"": 2422.0, ""amount"": 9688.0}, {""description"": ""Western Digital 2TB My Passport HDD"", ""hsn_code"": null, ""quantity"": 10.0, ""rate"": 6176.0, ""amount"": 61760.0}, {""description"": ""DJI Mini 3 Pro Fly More Combo Drone"", ""hsn_code"": null, ""quantity"": 6.0, ""rate"": 106805.0, ""amount"": 640830.0}, {""description"": ""Samsung Galaxy Tab S9 256GB Graphite"", ""hsn_code"": null, ""quantity"": 7.0, ""rate"": 70974.0, ""amount"": 496818.0}, {""description"": ""Vivo X100 Pro 256GB Asteroid Black"", ""hsn_code"": null, ""quantity"": 6.0, ""rate"": 76281.0, ""amount"": 457686.0}]",,,INR,VAT
invoice_51109305.pdf,1,digital_text,99.0,PASSED,,TechVision Distributors Pvt Ltd Hyderabad IT Traders,27AABCT1234F1Z5,51109305,09-03-2024,2023625.0,202362.5,2225987.5,,,,,,,,"[{""description"": ""Belkin MagSafe 3-in-1 Wireless Charger"", ""hsn_code"": null, ""quantity"": 9.0, ""rate"": 8175.0, ""amount"": 80932.5}, {""description"": ""Sony Alpha ZV-E10 Mirrorless Kit 16-50"", ""hsn_code"": null, ""quantity"": 10.0, ""rate"": 57931.0, ""amount"": 637241.0}, {""description"": ""Boat Rockerz 550 Bluetooth Headphones"", ""hsn_code"": null, ""quantity"": 4.0, ""rate"": 1921.0, ""amount"": 8452.4}, {""description"": ""Western Digital 2TB My Passport HDD"", ""hsn_code"": null, ""quantity"": 9.0, ""rate"": 6432.0, ""amount"": 63676.8}, {""description"": ""Samsung Galaxy S24 256GB Phantom Black"", ""hsn_code"": null, ""quantity"": 8.0, ""rate"": 72370.0, ""amount"": 636856.0}, {""description"": ""Dell XPS 13 Intel i7 16GB 512GB"", ""hsn_code"": null, ""quantity"": 7.0, ""rate"": 103744.0, ""amount"": 798828.8}]",,,INR,VAT
invoice_51109306.pdf,1,digital_text,99.0,PASSED,,TechVision Distributors Pvt Ltd Kolkata Electronics Hub,27AABCT1234F1Z5,51109306,02-02-2024,240128.0,24012.8,264140.8,,,,,,,,"[{""description"": ""Samsung Galaxy Watch6 Classic 47mm"", ""hsn_code"": null, ""quantity"": 7.0, ""rate"": 34304.0, ""amount"": 240128.0}]",,,INR,VAT
invoice_51109307.pdf,1,digital_text,99.0,PASSED,,TechVision Distributors Pvt Ltd Jaipur Smart Devices,27AABCT1234F1Z5,51109307,12-01-2024,674679.0,67467.9,742146.9,,,,,,,,"[{""description"": ""Dell 27 inch 4K USB-C IPS Monitor"", ""hsn_code"": null, ""quantity"": 2.0, ""rate"": 49288.0, ""amount"": 98576.0}, {""description"": ""GoPro Hero 12 Black Action Camera"", ""hsn_code"": null, ""quantity"": 9.0, ""rate"": 43272.0, ""amount"": 389448.0}, {""description"": ""Samsung Galaxy Buds2 Pro Graphite"", ""hsn_code"": null, ""quantity"": 9.0, ""rate"": 15279.0, ""amount"": 137511.0}, {""description"": ""Samsung T7 Shield 1TB Portable SSD"", ""hsn_code"": null, ""quantity"": 2.0, ""rate"": 11376.0, ""amount"": 22752.0}, {""description"": ""Western Digital 2TB My Passport HDD"", ""hsn_code"": null, ""quantity"": 4.0, ""rate"": 6598.0, ""amount"": 26392.0}]",,,INR,VAT
invoice_51109308.pdf,1,digital_text,99.0,PASSED,,TechVision Distributors Pvt Ltd,27AABCT1234F1Z5,51109308,31-07-2023,883259.0,88325.9,971584.9,,,,,,,,"[{""description"": ""Lenovo Tab P12 Pro 256GB Storm Grey"", ""hsn_code"": null, ""quantity"": 5.0, ""rate"": 39537.0, ""amount"": 197685.0}, {""description"": ""Belkin MagSafe 3-in-1 Wireless Charger"", ""hsn_code"": null, ""quantity"": 8.0, ""rate"": 9748.0, ""amount"": 77984.0}, {""description"": ""Apple iPhone 15 Pro 256GB Titanium"", ""hsn_code"": null, ""quantity"": 1.0, ""rate"": 117132.0, ""amount"": 117132.0}, {""description"": ""Samsung Galaxy Tab S9 256GB Graphite"", ""hsn_code"": null, ""quantity"": 6.0, ""rate"": 81743.0, ""amount"": 490458.0}]",,,INR,VAT
invoice_51109309.pdf,1,digital_text,99.0,PASSED,,TechVision Distributors Pvt Ltd,27AABCT1234F1Z5,51109309,15-04-2023,279222.0,27922.2,307144.2,Gadget Zone,,,,,,,"[{""description"": ""Lenovo Tab P12 Pro 256GB Storm Grey"", ""hsn_code"": null, ""quantity"": 6.0, ""rate"": 46537.0, ""amount"": 279222.0}]",,,INR,VAT
invoice_51109310.pdf,1,digital_text,99.0,PASSED,,TechVision Distributors Pvt Ltd,27AABCT1234F1Z5,51109310,03-08-2023,1209340.0,120934.0,1330274.0,,,,,,,,"[{""description"": ""Logitech MX Master 3S Wireless Mouse"", ""hsn_code"": null, ""quantity"": 6.0, ""rate"": 9348.0, ""amount"": 56088.0}, {""description"": ""LG 43 inch 4K UHD Smart WebOS TV"", ""hsn_code"": null, ""quantity"": 10.0, ""rate"": 35103.0, ""amount"": 351030.0}, {""description"": ""Western Digital 2TB My Passport HDD"", ""hsn_code"": null, ""quantity"": 3.0, ""rate"": 5997.0, ""amount"": 17991.0}, {""description"": ""Dell XPS 13 Intel i7 16GB 512GB"", ""hsn_code"": null, ""quantity"": 7.0, ""rate"": 112033.0, ""amount"": 784231.0}]",,,INR,VAT
invoice_51109311.pdf,1,digital_text,99.0,PASSED,,TechVision Distributors Pvt Ltd,27AABCT1234F1Z5,51109311,02-05-2023,324384.0,32438.4,356822.4,,,,,,,,"[{""description"": ""Sony Bravia 55 inch 4K OLED TV"", ""hsn_code"": null, ""quantity"": 3.0, ""rate"": 108128.0, ""amount"": 324384.0}]",,,INR,VAT %
invoice_51109312.pdf,1,digital_text,99.0,PASSED,,TechVision Distributors Pvt Ltd,27AABCT1234F1Z5,51109312,07-03-2024,1872803.0,187280.3,2060083.3,,,,,,,,"[{""description"": ""Apple AirPods Pro 2nd Gen USB-C"", ""hsn_code"": null, ""quantity"": 10.0, ""rate"": 21336.0, ""amount"": 213360.0}, {""description"": ""Samsung Galaxy Watch6 Classic 47mm"", ""hsn_code"": null, ""quantity"": 7.0, ""rate"": 28516.0, ""amount"": 199612.0}, {""description"": ""Apple MacBook Air M2 8GB 256GB Silver"", ""hsn_code"": null, ""quantity"": 7.0, ""rate"": 95855.0, ""amount"": 670985.0}, {""description"": ""Apple iPhone 15 128GB Black"", ""hsn_code"": null, ""quantity"": 10.0, ""rate"": 66869.0, ""amount"": 668690.0}, {""description"": ""Samsung T7 Shield 1TB Portable SSD"", ""hsn_code"": null, ""quantity"": 8.0, ""rate"": 9403.0, ""amount"": 75224.0}, {""description"": ""Western Digital 2TB My Passport HDD"", ""hsn_code"": null, ""quantity"": 2.0, ""rate"": 5084.0, ""amount"": 10168.0}, {""description"": ""JBL Flip 6 Portable Bluetooth Speaker"", ""hsn_code"": null, ""quantity"": 4.0, ""rate"": 8691.0, ""amount"": 34764.0}]",,,INR,VAT
invoice_51109313.pdf,1,digital_text,99.0,PASSED,,TechVision Distributors Pvt Ltd Bhopal Smart Tech,27AABCT1234F1Z5,51109313,13-12-2023,2471141.0,247114.1,2718255.1,,,,,,,,"[{""description"": ""Keychron K8 Pro Mechanical Keyboard"", ""hsn_code"": null, ""quantity"": 6.0, ""rate"": 13958.0, ""amount"": 83748.0}, {""description"": ""LG 43 inch 4K UHD Smart WebOS TV"", ""hsn_code"": null, ""quantity"": 6.0, ""rate"": 42382.0, ""amount"": 254292.0}, {""description"": ""Vivo X100 Pro 256GB Asteroid Black"", ""hsn_code"": null, ""quantity"": 7.0, ""rate"": 94096.0, ""amount"": 658672.0}, {""description"": ""Samsung Galaxy Tab S9 256GB Graphite"", ""hsn_code"": null, ""quantity"": 1.0, ""rate"": 84832.0, ""amount"": 84832.0}, {""description"": ""Lenovo Tab P12 Pro 256GB Storm Grey"", ""hsn_code"": null, ""quantity"": 3.0, ""rate"": 39690.0, ""amount"": 119070.0}, {""description"": ""Apple MacBook Air M2 8GB 256GB Silver"", ""hsn_code"": null, ""quantity"": 4.0, ""rate"": 99128.0, ""amount"": 396512.0}, {""description"": ""Asus VivoBook 16 Ryzen 7 16GB 512GB"", ""hsn_code"": null, ""quantity"": 10.0, ""rate"": 68635.0, ""amount"": 686350.0}, {""description"": ""Realme GT 5 Pro 256GB Navigator Beige"", ""hsn_code"": null, ""quantity"": 5.0, ""rate"": 37533.0, ""amount"": 187665.0}]",,,INR,VAT
invoice_51109314.pdf,1,digital_text,99.0,PASSED,,TechVision Distributors Pvt Ltd,27AABCT1234F1Z5,51109314,03-06-2023,669145.0,66914.5,736059.5,,,,,,,,"[{""description"": ""Garmin Fenix 7 Solar Multisport GPS"", ""hsn_code"": null, ""quantity"": 9.0, ""rate"": 71185.0, ""amount"": 640665.0}, {""description"": ""Boat Rockerz 550 Bluetooth Headphones"", ""hsn_code"": null, ""quantity"": 10.0, ""rate"": 2848.0, ""amount"": 28480.0}]",,,INR,VAT
invoice_51109315.pdf,1,digital_text,99.0,PASSED,,TechVision Distributors Pvt Ltd Nagpur Electronics Plaza,27AABCT1234F1Z5,51109315,13-02-2024,1673081.0,167308.1,1840389.1,,,,,,,,"[{""description"": ""TP-Link Archer AX73 WiFi 6 Router"", ""hsn_code"": null, ""quantity"": 3.0, ""rate"": 17801.0, ""amount"": 53403.0}, {""description"": ""GoPro Hero 12 Black Action Camera"", ""hsn_code"": null, ""quantity"": 4.0, ""rate"": 38779.0, ""amount"": 155116.0}, {""description"": ""Dell XPS 13 Intel i7 16GB 512GB"", ""hsn_code"": null, ""quantity"": 3.0, ""rate"": 98992.0, ""amount"": 296976.0}, {""description"": ""Samsung Galaxy S24 256GB Phantom"", ""hsn_code"": null, ""quantity"": 4.0, ""rate"": 84314.0, ""amount"": 337256.0}, {""description"": ""Samsung Galaxy Tab S9 256GB Graphite"", ""hsn_code"": null, ""quantity"": 4.0, ""rate"": 76910.0, ""amount"": 307640.0}, {""description"": ""Apple iPhone 15 128GB Black"", ""hsn_code"": null, ""quantity"": 2.0, ""rate"": 58489.0, ""amount"": 116978.0}, {""description"": ""Logitech MX Master 3S Wireless Mouse"", ""hsn_code"": null, ""quantity"": 8.0, ""rate"": 9560.0, ""amount"": 76480.0}, {""description"": ""Realme GT 5 Pro 256GB Navigator Beige"", ""hsn_code"": null, ""quantity"": 8.0, ""rate"": 41154.0, ""amount"": 329232.0}]",,,INR,VAT
invoice_51109316.pdf,1,digital_text,99.0,PASSED,,TechVision Distributors Pvt Ltd Chandigarh Tech Square,27AABCT1234F1Z5,51109316,17-05-2023,978768.0,97876.8,1076644.8,,,,,,,,"[{""description"": ""OnePlus 12 256GB Silky Black"", ""hsn_code"": null, ""quantity"": 9.0, ""rate"": 59759.0, ""amount"": 537831.0}, {""description"": ""Apple Watch Series 9 GPS 45mm Midnight"", ""hsn_code"": null, ""quantity"": 9.0, ""rate"": 48993.0, ""amount"": 440937.0}]",,,INR,VAT
invoice_51109317.pdf,1,digital_text,99.0,PASSED,,TechVision Distributors Pvt Ltd Coimbatore IT Solutions,27AABCT1234F1Z5,51109317,18-08-2023,1148498.0,114849.8,1263347.8,,,,,,,,"[{""description"": ""Sony Alpha ZV-E10 Mirrorless Kit 16-50"", ""hsn_code"": null, ""quantity"": 8.0, ""rate"": 64059.0, ""amount"": 512472.0}, {""description"": ""LG 43 inch 4K UHD Smart WebOS TV"", ""hsn_code"": null, ""quantity"": 4.0, ""rate"": 53264.0, ""amount"": 213056.0}, {""description"": ""Dell XPS 13 Intel i7 16GB 512GB"", ""hsn_code"": null, ""quantity"": 1.0, ""rate"": 117529.0, ""amount"": 117529.0}, {""description"": ""Samsung Galaxy Watch6 Classic 47mm"", ""hsn_code"": null, ""quantity"": 1.0, ""rate"": 25709.0, ""amount"": 25709.0}, {""description"": ""Garmin Fenix 7 Solar Multisport GPS"", ""hsn_code"": null, ""quantity"": 4.0, ""rate"": 69933.0, ""amount"": 279732.0}]",,,INR,VAT
invoice_51109318.pdf,1,digital_text,99.0,PASSED,,TechVision Distributors Pvt Ltd Vadodara Digital Zone,27AABCT1234F1Z5,51109318,31-03-2024,405648.0,40564.8,446212.8,,,,,,,,"[{""description"": ""Dell 27 inch 4K USB-C IPS Monitor"", ""hsn_code"": null, ""quantity"": 9.0, ""rate"": 45072.0, ""amount"": 405648.0}]",,,INR,VAT
invoice_51109319.pdf,1,digital_text,99.0,PASSED,,TechVision Distributors Pvt Ltd,27AABCT1234F1Z5,51109319,10-03-2024,79381.0,7938.1,87319.1,,,,,,,,"[{""description"": ""JBL Flip 6 Portable Bluetooth Speaker"", ""hsn_code"": null, ""quantity"": 3.0, ""rate"": 9581.0, ""amount"": 28743.0}, {""description"": ""Apple AirPods Pro 2nd Gen USB-C"", ""hsn_code"": null, ""quantity"": 2.0, ""rate"": 25319.0, ""amount"": 50638.0}]",,,INR,VAT
invoice_51109320.pdf,1,digital_text,99.0,PASSED,,TechVision Distributors Pvt Ltd,27AABCT1234F1Z5,51109320,11-12-2023,1808848.0,180884.8,1989732.8,,,,,,,,"[{""description"": ""Asus VivoBook 16 Ryzen 7 16GB 512GB"", ""hsn_code"": null, ""quantity"": 9.0, ""rate"": 68527.0, ""amount"": 616743.0}, {""description"": ""Apple iPhone 15 128GB Black"", ""hsn_code"": null, ""quantity"": 4.0, ""rate"": 78672.0, ""amount"": 314688.0}, {""description"": ""Garmin Fenix 7 Solar Multisport GPS"", ""hsn_code"": null, ""quantity"": 4.0, ""rate"": 68566.0, ""amount"": 274264.0}, {""description"": ""Boat Rockerz 550 Bluetooth Headphones"", ""hsn_code"": null, ""quantity"": 5.0, ""rate"": 2142.0, ""amount"": 10710.0}, {""description"": ""HP Pavilion 15 Ryzen 5 8GB 512GB"", ""hsn_code"": null, ""quantity"": 7.0, ""rate"": 65515.0, ""amount"": 458605.0}, {""description"": ""Western Digital 2TB My Passport HDD"", ""hsn_code"": null, ""quantity"": 6.0, ""rate"": 6842.0, ""amount"": 41052.0}, {""description"": ""Lenovo Tab P12 Pro 256GB Storm Grey"", ""hsn_code"": null, ""quantity"": 1.0, ""rate"": 36896.0, ""amount"": 36896.0}, {""description"": ""Apple AirPods Pro 2nd Gen USB-C"", ""hsn_code"": null, ""quantity"": 2.0, ""rate"": 27945.0, ""amount"": 55890.0}]",,,INR,VAT %
invoice_51109321.pdf,1,digital_text,99.0,PASSED,,TechVision Distributors Pvt Ltd,27AABCT1234F1Z5,51109321,26-07-2023,799953.0,79995.3,879948.3,Gadget Gallery,,,,,,,"[{""description"": ""Keychron K8 Pro Mechanical Keyboard"", ""hsn_code"": null, ""quantity"": 2.0, ""rate"": 10800.0, ""amount"": 21600.0}, {""description"": ""LG UltraGear 27 inch 165Hz Gaming Monitor"", ""hsn_code"": null, ""quantity"": 6.0, ""rate"": 31457.0, ""amount"": 188742.0}, {""description"": ""Anker 65W GaN USB-C 3-Port Charger"", ""hsn_code"": null, ""quantity"": 5.0, ""rate"": 4378.0, ""amount"": 21890.0}, {""description"": ""Samsung Galaxy Tab S9 256GB Graphite"", ""hsn_code"": null, ""quantity"": 7.0, ""rate"": 81103.0, ""amount"": 567721.0}]",,,INR,VAT
invoice_51109322.pdf,1,digital_text,99.0,PASSED,,TechVision Distributors Pvt Ltd Nashik Smart Electronics,27AABCT1234F1Z5,51109322,02-05-2023,251967.0,25196.7,277163.7,,,,,,,,"[{""description"": ""Vivo X100 Pro 256GB Asteroid Black"", ""hsn_code"": null, ""quantity"": 3.0, ""rate"": 83989.0, ""amount"": 251967.0}]",,,INR,VAT
invoice_51109323.pdf,1,digital_text,99.0,PASSED,,TechVision Distributors Pvt Ltd Meerut Tech Market,27AABCT1234F1Z5,51109323,02-04-2024,610124.0,61012.4,671136.4,,,,,,,,"[{""description"": ""LG 43 inch 4K UHD Smart WebOS TV"", ""hsn_code"": null, ""quantity"": 2.0, ""rate"": 41210.0, ""amount"": 82420.0}, {""description"": ""Apple MacBook Air M2 8GB 256GB Silver"", ""hsn_code"": null, ""quantity"": 1.0, ""rate"": 99586.0, ""amount"": 99586.0}, {""description"": ""LG UltraGear 27 inch 165Hz Gaming Monitor"", ""hsn_code"": null, ""quantity"": 1.0, ""rate"": 32578.0, ""amount"": 32578.0}, {""description"": ""Lenovo IdeaPad Slim 5 i5 16GB 512GB"", ""hsn_code"": null, ""quantity"": 5.0, ""rate"": 79108.0, ""amount"": 395540.0}]",,,INR,VAT
invoice_51109324.pdf,1,digital_text,99.0,PASSED,,TechVision Distributors Pvt Ltd,27AABCT1234F1Z5,51109324,07-01-2024,1047816.0,104781.6,1152597.6,Agra Electronics Store,,,,,,,"[{""description"": ""Apple Watch Series 9 GPS 45mm Midnight"", ""hsn_code"": null, ""quantity"": 8.0, ""rate"": 50006.0, ""amount"": 400048.0}, {""description"": ""Samsung T7 Shield 1TB Portable SSD"", ""hsn_code"": null, ""quantity"": 3.0, ""rate"": 10489.0, ""amount"": 31467.0}, {""description"": ""Dell XPS 13 Intel i7 16GB 512GB"", ""hsn_code"": null, ""quantity"": 4.0, ""rate"": 109629.0, ""amount"": 438516.0}, {""description"": ""GoPro Hero 12 Black Action Camera"", ""hsn_code"": null, ""quantity"": 5.0, ""rate"": 35557.0, ""amount"": 177785.0}]",,,INR,VAT
invoice_51109325.pdf,1,digital_text,99.0,PASSED,,TechVision Distributors Pvt Ltd Rajkot Mobile World,27AABCT1234F1Z5,51109325,19-11-2023,2179343.0,217934.3,2397277.3,,,,,,,,"[{""description"": ""HP Pavilion 15 Ryzen 5 8GB 512GB"", ""hsn_code"": null, ""quantity"": 10.0, ""rate"": 63101.0, ""amount"": 631010.0}, {""description"": ""GoPro Hero 12 Black Action Camera"", ""hsn_code"": null, ""quantity"": 9.0, ""rate"": 38686.0, ""amount"": 348174.0}, {""description"": ""Sony WH-1000XM5 Wireless Headphones"", ""hsn_code"": null, ""quantity"": 6.0, ""rate"": 32890.0, ""amount"": 197340.0}, {""description"": ""Lenovo IdeaPad Slim 5 i5 16GB 512GB"", ""hsn_code"": null, ""quantity"": 2.0, ""rate"": 66370.0, ""amount"": 132740.0}, {""description"": ""Western Digital 2TB My Passport HDD"", ""hsn_code"": null, ""quantity"": 4.0, ""rate"": 6326.0, ""amount"": 25304.0}, {""description"": ""Dell 27 inch 4K USB-C IPS Monitor"", ""hsn_code"": null, ""quantity"": 10.0, ""rate"": 44323.0, ""amount"": 443230.0}, {""description"": ""Samsung T7 Shield 1TB Portable SSD"", ""hsn_code"": null, ""quantity"": 3.0, ""rate"": 11794.0, ""amount"": 35382.0}, {""description"": ""LG 43 inch 4K UHD Smart WebOS TV"", ""hsn_code"": null, ""quantity"": 7.0, ""rate"": 52309.0, ""amount"": 366163.0}]",,,INR,VAT
invoice_51109326.pdf,1,digital_text,99.0,PASSED,,TechVision Distributors Pvt Ltd Madurai Digital Hub,27AABCT1234F1Z5,51109326,25-02-2024,119750.0,11975.0,131725.0,,,,,,,,"[{""description"": ""JBL Flip 6 Portable Bluetooth Speaker"", ""hsn_code"": null, ""quantity"": 10.0, ""rate"": 11975.0, ""amount"": 119750.0}]",,,INR,VAT
invoice_51109327.pdf,1,digital_text,99.0,PASSED,,TechVision Distributors Pvt Ltd,27AABCT1234F1Z5,51109327,10-09-2023,533754.0,53375.4,587129.4,Gadget Point,,,,,,,"[{""description"": ""Canon EOS R50 Mirrorless Camera Body"", ""hsn_code"": null, ""quantity"": 4.0, ""rate"": 72698.0, ""amount"": 290792.0}, {""description"": ""Philips Hue White Ambiance Starter Kit"", ""hsn_code"": null, ""quantity"": 10.0, ""rate"": 6277.0, ""amount"": 62770.0}, {""description"": ""Sony WH-1000XM5 Wireless Headphones"", ""hsn_code"": null, ""quantity"": 2.0, ""rate"": 34126.0, ""amount"": 68252.0}, {""description"": ""JBL Flip 6 Portable Bluetooth Speaker"", ""hsn_code"": null, ""quantity"": 5.0, ""rate"": 8554.0, ""amount"": 42770.0}, {""description"": ""Garmin Fenix 7 Solar Multisport GPS"", ""hsn_code"": null, ""quantity"": 1.0, ""rate"": 69170.0, ""amount"": 69170.0}]",,,INR,VAT
invoice_51109328.pdf,1,digital_text,99.0,PASSED,,TechVision Distributors Pvt Ltd,27AABCT1234F1Z5,51109328,09-10-2023,728805.0,72880.5,801685.5,,,,,,,,"[{""description"": ""LG UltraGear 27 inch 165Hz Gaming Monitor"", ""hsn_code"": null, ""quantity"": 1.0, ""rate"": 29525.0, ""amount"": 29525.0}, {""description"": ""Sony WH-1000XM5 Wireless Headphones"", ""hsn_code"": null, ""quantity"": 2.0, ""rate"": 27341.0, ""amount"": 54682.0}, {""description"": ""Garmin Fenix 7 Solar Multisport GPS"", ""hsn_code"": null, ""quantity"": 3.0, ""rate"": 74977.0, ""amount"": 224931.0}, {""description"": ""Dell XPS 13 Intel i7 16GB 512GB"", ""hsn_code"": null, ""quantity"": 1.0, ""rate"": 108228.0, ""amount"": 108228.0}, {""description"": ""Sony Alpha ZV-E10 Mirrorless Kit 16-50"", ""hsn_code"": null, ""quantity"": 3.0, ""rate"": 59024.0, ""amount"": 177072.0}, {""description"": ""Lenovo Tab P12 Pro 256GB Storm Grey"", ""hsn_code"": null, ""quantity"": 3.0, ""rate"": 44789.0, ""amount"": 134367.0}]",,,INR,VAT
invoice_51109329.pdf,1,digital_text,99.0,PASSED,,TechVision Distributors Pvt Ltd,27AABCT1234F1Z5,51109329,08-11-2023,1453896.0,145389.6,1599285.6,,,,,,,,"[{""description"": ""Western Digital 2TB My Passport HDD"", ""hsn_code"": null, ""quantity"": 7, ""rate"": 6428.0, ""amount"": 49495.6}, {""description"": ""Sony Alpha ZV-E10 Mirrorless Kit 16-50"", ""hsn_code"": null, ""quantity"": 1, ""rate"": 58266.0, ""amount"": 64092.6}, {""description"": ""JBL Flip 6 Portable Bluetooth Speaker"", ""hsn_code"": null, ""quantity"": 5, ""rate"": 11557.0, ""amount"": 63563.5}, {""description"": ""Dell 27 inch 4K USB-C IPS Monitor"", ""hsn_code"": null, ""quantity"": 7, ""rate"": 45372.0, ""amount"": 349364.4}, {""description"": ""Samsung 65 inch QLED 4K Smart TV"", ""hsn_code"": null, ""quantity"": 7, ""rate"": 113255.0, ""amount"": 872063.5}, {""description"": ""Apple AirPods Pro 2nd Gen USB-C"", ""hsn_code"": null, ""quantity"": 8, ""rate"": 20103.0, ""amount"": 176906.4}, {""description"": ""Belkin MagSafe 3-in-1 Wireless Charger"", ""hsn_code"": null, ""quantity"": 3, ""rate"": 7212.0, ""amount"": 23799.6}]",,,INR,VAT
invoice_51109330.pdf,1,digital_text,99.0,PASSED,,TechVision Distributors Pvt Ltd,27AABCT1234F1Z5,51109330,11-07-2023,731133.0,73113.3,804246.3,,,,,,,,"[{""description"": ""Logitech MX Master 3S Wireless Mouse"", ""hsn_code"": null, ""quantity"": 6.0, ""rate"": 8890.0, ""amount"": 53340.0}, {""description"": ""Garmin Fenix 7 Solar Multisport GPS"", ""hsn_code"": null, ""quantity"": 7.0, ""rate"": 68039.0, ""amount"": 476273.0}, {""description"": ""LG 43 inch 4K UHD Smart WebOS TV"", ""hsn_code"": null, ""quantity"": 5.0, ""rate"": 40304.0, ""amount"": 201520.0}]",,,INR,VAT
invoice_51109331.pdf,1,digital_text,99.0,PASSED,,TechVision Distributors Pvt Ltd Ludhiana,27AABCT1234F1Z5,51109331,14-11-2023,2162904.0,216290.4,2379194.4,Digital World,,,,,,,"[{""description"": ""Dell 27 inch 4K USB-C IPS Monitor"", ""hsn_code"": null, ""quantity"": 1.0, ""rate"": 51739.0, ""amount"": 51739.0}, {""description"": ""Philips Hue White Ambiance Starter Kit"", ""hsn_code"": null, ""quantity"": 7.0, ""rate"": 8330.0, ""amount"": 58310.0}, {""description"": ""JBL Flip 6 Portable Bluetooth Speaker"", ""hsn_code"": null, ""quantity"": 10.0, ""rate"": 8564.0, ""amount"": 85640.0}, {""description"": ""Samsung Galaxy Buds2 Pro Graphite"", ""hsn_code"": null, ""quantity"": 3.0, ""rate"": 14516.0, ""amount"": 43548.0}, {""description"": ""Samsung 65 inch QLED 4K Smart TV"", ""hsn_code"": null, ""quantity"": 6.0, ""rate"": 123832.0, ""amount"": 742992.0}, {""description"": ""Vivo X100 Pro 256GB Asteroid Black"", ""hsn_code"": null, ""quantity"": 10.0, ""rate"": 87137.0, ""amount"": 871370.0}, {""description"": ""Sony Alpha ZV-E10 Mirrorless Kit 16-50"", ""hsn_code"": null, ""quantity"": 5.0, ""rate"": 61861.0, ""amount"": 309305.0}]",,,INR,VAT
invoice_51109332.pdf,1,digital_text,99.0,PASSED,,TechVision Distributors Pvt Ltd,27AABCT1234F1Z5,51109332,06-10-2023,1246558.0,124655.8,1371213.8,,,,,,,,"[{""description"": ""Garmin Fenix 7 Solar Multisport GPS"", ""hsn_code"": null, ""quantity"": 5.0, ""rate"": 75930.0, ""amount"": 379650.0}, {""description"": ""Canon EOS R50 Mirrorless Camera Body"", ""hsn_code"": null, ""quantity"": 1.0, ""rate"": 60745.0, ""amount"": 60745.0}, {""description"": ""Samsung Galaxy Watch6 Classic 47mm"", ""hsn_code"": null, ""quantity"": 4.0, ""rate"": 29811.0, ""amount"": 119244.0}, {""description"": ""Dell 27 inch 4K USB-C IPS Monitor"", ""hsn_code"": null, ""quantity"": 5.0, ""rate"": 52802.0, ""amount"": 264010.0}, {""description"": ""Realme GT 5 Pro 256GB Navigator Beige"", ""hsn_code"": null, ""quantity"": 9.0, ""rate"": 42713.0, ""amount"": 384417.0}, {""description"": ""Logitech MX Master 3S Wireless Mouse"", ""hsn_code"": null, ""quantity"": 4.0, ""rate"": 9623.0, ""amount"": 38492.0}]",,,INR,VAT
invoice_51109333.pdf,1,digital_text,99.0,PASSED,,TechVision Distributors Pvt Ltd Thiruvananthapuram Gadgets,27AABCT1234F1Z5,51109333,30-01-2024,1121792.0,112179.2,1233971.2,,,,,,,,"[{""description"": ""DJI Mini 3 Pro Fly More Combo Drone"", ""hsn_code"": null, ""quantity"": 8.0, ""rate"": 110002.0, ""amount"": 880016.0}, {""description"": ""LG UltraGear 27 inch 165Hz Gaming Monitor"", ""hsn_code"": null, ""quantity"": 6.0, ""rate"": 37799.0, ""amount"": 226794.0}, {""description"": ""Samsung Galaxy Buds2 Pro Graphite"", ""hsn_code"": null, ""quantity"": 1.0, ""rate"": 14982.0, ""amount"": 14982.0}]",,,INR,VAT
invoice_51109334.pdf,1,digital_text,99.0,PASSED,,TechVision Distributors Pvt Ltd Mysuru Electronics,27AABCT1234F1Z5,51109334,18-09-2023,2521928.0,252192.8,2774120.8,,,,,,,,"[{""description"": ""Sony WH-1000XM5 Wireless Headphones"", ""hsn_code"": null, ""quantity"": 4.0, ""rate"": 27049.0, ""amount"": 108196.0}, {""description"": ""Sony Alpha ZV-E10 Mirrorless Kit 16-50"", ""hsn_code"": null, ""quantity"": 3.0, ""rate"": 69528.0, ""amount"": 208584.0}, {""description"": ""DJI Mini 3 Pro Fly More Combo Drone"", ""hsn_code"": null, ""quantity"": 4.0, ""rate"": 102204.0, ""amount"": 408816.0}, {""description"": ""Xiaomi 14 Pro 512GB White"", ""hsn_code"": null, ""quantity"": 10.0, ""rate"": 89663.0, ""amount"": 896630.0}, {""description"": ""Apple iPad Air M1 64GB WiFi Space Grey"", ""hsn_code"": null, ""quantity"": 8.0, ""rate"": 63412.0, ""amount"": 507296.0}, {""description"": ""Samsung Galaxy S24 256GB Phantom Black"", ""hsn_code"": null, ""quantity"": 6.0, ""rate"": 65401.0, ""amount"": 392406.0}]",,,INR,VAT
invoice_51109335.pdf,1,digital_text,99.0,PASSED,,TechVision Distributors Pvt Ltd Mangaluru Tech Zone,27AABCT1234F1Z5,51109335,25-06-2023,417168.0,41716.8,458884.8,,,,,,,,"[{""description"": ""Anker 65W GaN USB-C 3-Port Charger"", ""hsn_code"": null, ""quantity"": 2.0, ""rate"": 3348.0, ""amount"": 6696.0}, {""description"": ""Boat Rockerz 550 Bluetooth Headphones"", ""hsn_code"": null, ""quantity"": 3.0, ""rate"": 1754.0, ""amount"": 5262.0}, {""description"": ""OnePlus 12 256GB Silky Black"", ""hsn_code"": null, ""quantity"": 6.0, ""rate"": 67535.0, ""amount"": 405210.0}]",,,INR,VAT
invoice_51109336.pdf,1,digital_text,99.0,PASSED,,TechVision Distributors Pvt Ltd Hubli Digital Store,27AABCT1234F1Z5,51109336,18-02-2024,970960.0,97096.0,1068056.0,,,,,,,,"[{""description"": ""GoPro Hero 12 Black Action Camera"", ""hsn_code"": null, ""quantity"": 8.0, ""rate"": 44718.0, ""amount"": 357744.0}, {""description"": ""Samsung Galaxy Buds2 Pro Graphite"", ""hsn_code"": null, ""quantity"": 9.0, ""rate"": 10024.0, ""amount"": 90216.0}, {""description"": ""Samsung T7 Shield 1TB Portable SSD"", ""hsn_code"": null, ""quantity"": 7.0, ""rate"": 11788.0, ""amount"": 82516.0}, {""description"": ""Dell 27 inch 4K USB-C IPS Monitor"", ""hsn_code"": null, ""quantity"": 3.0, ""rate"": 49444.0, ""amount"": 148332.0}, {""description"": ""Samsung Galaxy Watch6 Classic 47mm"", ""hsn_code"": null, ""quantity"": 7.0, ""rate"": 30662.0, ""amount"": 214634.0}, {""description"": ""Asus VivoBook 16 Ryzen 7 16GB 512GB"", ""hsn_code"": null, ""quantity"": 1.0, ""rate"": 77518.0, ""amount"": 77518.0}]",,,INR,VAT
invoice_51109337.pdf,1,digital_text,99.0,PASSED,,TechVision Distributors Pvt Ltd Varanasi Electronics Hub,27AABCT1234F1Z5,51109337,18-09-2023,1649136.0,164913.6,1814049.6,,,,,,,,"[{""description"": ""Samsung T7 Shield 1TB Portable SSD"", ""hsn_code"": null, ""quantity"": 6.0, ""rate"": 11026.0, ""amount"": 66156.0}, {""description"": ""Apple Watch Series 9 GPS 45mm Midnight"", ""hsn_code"": null, ""quantity"": 7.0, ""rate"": 53079.0, ""amount"": 371553.0}, {""description"": ""Boat Rockerz 550 Bluetooth Headphones"", ""hsn_code"": null, ""quantity"": 1.0, ""rate"": 2853.0, ""amount"": 2853.0}, {""description"": ""Samsung Galaxy Watch6 Classic 47mm"", ""hsn_code"": null, ""quantity"": 7.0, ""rate"": 25933.0, ""amount"": 181531.0}, {""description"": ""Apple iPhone 15 Pro 256GB Titanium"", ""hsn_code"": null, ""quantity"": 9.0, ""rate"": 111265.0, ""amount"": 1001385.0}, {""description"": ""Samsung Galaxy Buds2 Pro Graphite"", ""hsn_code"": null, ""quantity"": 2.0, ""rate"": 12829.0, ""amount"": 25658.0}]",,,INR,VAT
invoice_51109338.pdf,1,digital_text,99.0,PASSED,,TechVision Distributors Pvt Ltd,27AABCT1234F1Z5,51109338,31-08-2023,2784644.0,278464.4,3063108.4,,,,,,,,"[{""description"": ""Samsung Galaxy Watch6 Classic 47mm"", ""hsn_code"": null, ""quantity"": 4.0, ""rate"": 34294.0, ""amount"": 137176.0}, {""description"": ""Apple iPhone 15 Pro 256GB Titanium"", ""hsn_code"": null, ""quantity"": 5.0, ""rate"": 112835.0, ""amount"": 564175.0}, {""description"": ""Garmin Fenix 7 Solar Multisport GPS"", ""hsn_code"": null, ""quantity"": 7.0, ""rate"": 81641.0, ""amount"": 571487.0}, {""description"": ""Sony Bravia 55 inch 4K OLED TV"", ""hsn_code"": null, ""quantity"": 8.0, ""rate"": 135215.0, ""amount"": 1081720.0}, {""description"": ""Samsung Galaxy Tab S9 256GB Graphite"", ""hsn_code"": null, ""quantity"": 6.0, ""rate"": 71681.0, ""amount"": 430086.0}]",,,INR,VAT
invoice_51109339.pdf,1,digital_text,99.0,PASSED,,TechVision Distributors Pvt Ltd,27AABCT1234F1Z5,51109339,17-04-2023,67480.0,6748.0,74228.0,,,,,,,,"[{""description"": ""Keychron K8 Pro Mechanical Keyboard"", ""hsn_code"": null, ""quantity"": 5.0, ""rate"": 13496.0, ""amount"": 67480.0}]",,,INR,VAT
invoice_51109340.pdf,1,digital_text,99.0,PASSED,,TechVision Distributors Pvt Ltd,27AABCT1234F1Z5,51109340,05-10-2023,2026997.0,202699.7,2229696.7,,,,,,,,"[{""description"": ""LG 43 inch 4K UHD Smart WebOS TV"", ""hsn_code"": null, ""quantity"": 5.0, ""rate"": 50538.0, ""amount"": 252690.0}, {""description"": ""Apple iPad Air M1 64GB WiFi Space Grey"", ""hsn_code"": null, ""quantity"": 2.0, ""rate"": 66994.0, ""amount"": 133988.0}, {""description"": ""Anker 65W GaN USB-C 3-Port Charger"", ""hsn_code"": null, ""quantity"": 1.0, ""rate"": 4147.0, ""amount"": 4147.0}, {""description"": ""Sony Alpha ZV-E10 Mirrorless Kit 16-50"", ""hsn_code"": null, ""quantity"": 4.0, ""rate"": 68020.0, ""amount"": 272080.0}, {""description"": ""Samsung 65 inch QLED 4K Smart TV"", ""hsn_code"": null, ""quantity"": 10.0, ""rate"": 116677.0, ""amount"": 1166770.0}, {""description"": ""DJI Mini 3 Pro Fly More Combo Drone"", ""hsn_code"": null, ""quantity"": 2.0, ""rate"": 98661.0, ""amount"": 197322.0}]",,,INR,VAT
invoice_51109341.pdf,1,digital_text,99.0,PASSED,,TechVision Distributors Pvt Ltd,27AABCT1234F1Z5,51109341,11-04-2023,415773.0,41577.3,457350.3,Tech World,,,,,,,"[{""description"": ""Lenovo Tab P12 Pro 256GB Storm Grey"", ""hsn_code"": null, ""quantity"": 9.0, ""rate"": 46197.0, ""amount"": 415773.0}]",,,INR,VAT
invoice_51109342.pdf,1,digital_text,99.0,PASSED,,TechVision Distributors Pvt Ltd Jabalpur Digital Zone,27AABCT1234F1Z5,51109342,23-12-2023,1446601.0,144660.1,1591261.1,,,,,,,,"[{""description"": ""Samsung Galaxy S24 256GB Phantom Black"", ""hsn_code"": null, ""quantity"": 3.0, ""rate"": 82617.0, ""amount"": 247851.0}, {""description"": ""Sony Alpha ZV-E10 Mirrorless Kit 16-50"", ""hsn_code"": null, ""quantity"": 4.0, ""rate"": 70166.0, ""amount"": 280664.0}, {""description"": ""Samsung Galaxy Buds2 Pro Graphite"", ""hsn_code"": null, ""quantity"": 5.0, ""rate"": 12526.0, ""amount"": 62630.0}, {""description"": ""Western Digital 2TB My Passport HDD"", ""hsn_code"": null, ""quantity"": 8.0, ""rate"": 5007.0, ""amount"": 40056.0}, {""description"": ""Asus VivoBook 16 Ryzen 7 16GB 512GB"", ""hsn_code"": null, ""quantity"": 10.0, ""rate"": 81540.0, ""amount"": 815400.0}]",,,INR,VAT
invoice_51109343.pdf,1,digital_text,99.0,PASSED,,TechVision Distributors Pvt Ltd,27AABCT1234F1Z5,51109343,02-07-2023,1322081.0,132208.1,1454289.1,Smart Gadgets,,,,,,,"[{""description"": ""LG 43 inch 4K UHD Smart WebOS TV"", ""hsn_code"": null, ""quantity"": 2.0, ""rate"": 42025.0, ""amount"": 84050.0}, {""description"": ""Samsung Galaxy Tab S9 256GB Graphite"", ""hsn_code"": null, ""quantity"": 9.0, ""rate"": 71906.0, ""amount"": 647154.0}, {""description"": ""Samsung Galaxy S24 256GB Phantom Black"", ""hsn_code"": null, ""quantity"": 7.0, ""rate"": 84411.0, ""amount"": 590877.0}]",,,INR,VAT
invoice_51109344.pdf,1,digital_text,99.0,PASSED,,TechVision Distributors Pvt Ltd Solapur Electronics City,27AABCT1234F1Z5,51109344,11-08-2023,1081430.0,108143.0,1189573.0,,,,,,,,"[{""description"": ""Realme GT 5 Pro 256GB Navigator Beige"", ""hsn_code"": null, ""quantity"": 7.0, ""rate"": 43764.0, ""amount"": 306348.0}, {""description"": ""Apple iPad Air M1 64GB WiFi Space Grey"", ""hsn_code"": null, ""quantity"": 5.0, ""rate"": 58375.0, ""amount"": 291875.0}, {""description"": ""Lenovo IdeaPad Slim 5 i5 16GB 512GB"", ""hsn_code"": null, ""quantity"": 3.0, ""rate"": 63440.0, ""amount"": 190320.0}, {""description"": ""Dell 27 inch 4K USB-C IPS Monitor"", ""hsn_code"": null, ""quantity"": 7.0, ""rate"": 41841.0, ""amount"": 292887.0}]",,,INR,VAT
invoice_51109345.pdf,1,digital_text,99.0,PASSED,,TechVision Distributors Pvt Ltd,27AABCT1234F1Z5,51109345,11-09-2023,1480593.0,148059.3,1628652.3,,,,,,,,"[{""description"": ""OnePlus 12 256GB Silky Black"", ""hsn_code"": null, ""quantity"": 9.0, ""rate"": 65448.0, ""amount"": 589032.0}, {""description"": ""Western Digital 2TB My Passport HDD"", ""hsn_code"": null, ""quantity"": 3.0, ""rate"": 6433.0, ""amount"": 19299.0}, {""description"": ""Vivo X100 Pro 256GB Asteroid Black"", ""hsn_code"": null, ""quantity"": 5.0, ""rate"": 83230.0, ""amount"": 416150.0}, {""description"": ""Apple iPhone 15 Pro 256GB Titanium"", ""hsn_code"": null, ""quantity"": 3.0, ""rate"": 132312.0, ""amount"": 396936.0}, {""description"": ""HP Pavilion 15 Ryzen 5 8GB 512GB"", ""hsn_code"": null, ""quantity"": 1.0, ""rate"": 59176.0, ""amount"": 59176.0}]",,,INR,VAT %
invoice_51109346.pdf,1,digital_text,99.0,PASSED,,TechVision Distributors Pvt Ltd Nellore Digital Hub,27AABCT1234F1Z5,51109346,22-02-2024,1568774.0,156877.4,1725651.4,,,,,,,,"[{""description"": ""Sony Alpha ZV-E10 Mirrorless Kit 16-50"", ""hsn_code"": null, ""quantity"": 5, ""rate"": 69808.0, ""amount"": 349040.0}, {""description"": ""Apple iPhone 15 128GB Black"", ""hsn_code"": null, ""quantity"": 7, ""rate"": 67026.0, ""amount"": 469182.0}, {""description"": ""Lenovo Tab P12 Pro 256GB Storm Grey"", ""hsn_code"": null, ""quantity"": 6, ""rate"": 36828.0, ""amount"": 220968.0}, {""description"": ""Samsung T7 Shield 1TB Portable SSD"", ""hsn_code"": null, ""quantity"": 9, ""rate"": 9556.0, ""amount"": 86004.0}, {""description"": ""Keychron K8 Pro Mechanical Keyboard"", ""hsn_code"": null, ""quantity"": 2, ""rate"": 10403.0, ""amount"": 20806.0}, {""description"": ""Sony WH-1000XM5 Wireless Headphones"", ""hsn_code"": null, ""quantity"": 5, ""rate"": 28519.0, ""amount"": 142595.0}, {""description"": ""Sony Bravia 55 inch 4K OLED TV"", ""hsn_code"": null, ""quantity"": 2, ""rate"": 126837.0, ""amount"": 253674.0}, {""description"": ""Western Digital 2TB My Passport HDD"", ""hsn_code"": null, ""quantity"": 5, ""rate"": 5301.0, ""amount"": 26505.0}]",,,INR,VAT
invoice_51109347.pdf,1,digital_text,99.0,PASSED,,TechVision Distributors Pvt Ltd,27AABCT1234F1Z5,51109347,13-06-2023,704905.0,70490.5,775395.5,,,,,,,,"[{""description"": ""Apple iPhone 15 128GB Black"", ""hsn_code"": null, ""quantity"": 6.0, ""rate"": 59818.0, ""amount"": 358908.0}, {""description"": ""HP Pavilion 15 Ryzen 5 8GB 512GB"", ""hsn_code"": null, ""quantity"": 4.0, ""rate"": 63828.0, ""amount"": 255312.0}, {""description"": ""Keychron K8 Pro Mechanical Keyboard"", ""hsn_code"": null, ""quantity"": 7.0, ""rate"": 12955.0, ""amount"": 90685.0}]",,,INR,VAT
invoice_51109348.pdf,1,digital_text,99.0,PASSED,,TechVision Distributors Pvt Ltd,27AABCT1234F1Z5,51109348,18-07-2023,641970.0,64197.0,706167.0,,,,,,,,"[{""description"": ""Sony WH-1000XM5 Wireless Headphones"", ""hsn_code"": null, ""quantity"": 6.0, ""rate"": 34844.0, ""amount"": 209064.0}, {""description"": ""Western Digital 2TB My Passport HDD"", ""hsn_code"": null, ""quantity"": 7.0, ""rate"": 7692.0, ""amount"": 53844.0}, {""description"": ""Garmin Fenix 7 Solar Multisport GPS"", ""hsn_code"": null, ""quantity"": 2.0, ""rate"": 68191.0, ""amount"": 136382.0}, {""description"": ""Apple iPhone 15 128GB Black"", ""hsn_code"": null, ""quantity"": 4.0, ""rate"": 60670.0, ""amount"": 242680.0}]",,,INR,VAT
invoice_51109349.pdf,1,digital_text,99.0,PASSED,,TechVision Distributors Pvt Ltd Tiruchirappalli Tech Store,27AABCT1234F1Z5,51109349,14-02-2024,877620.0,87762.0,965382.0,,,,,,,,"[{""description"": ""JBL Flip 6 Portable Bluetooth Speaker"", ""hsn_code"": null, ""quantity"": 6.0, ""rate"": 8940.0, ""amount"": 53640.0}, {""description"": ""Western Digital 2TB My Passport HDD"", ""hsn_code"": null, ""quantity"": 4.0, ""rate"": 7587.0, ""amount"": 30348.0}, {""description"": ""DJI Mini 3 Pro Fly More Combo Drone"", ""hsn_code"": null, ""quantity"": 7.0, ""rate"": 113376.0, ""amount"": 793632.0}]",,,INR,VAT
invoice_51109350.pdf,1,digital_text,99.0,PASSED,,TechVision Distributors Pvt Ltd,27AABCT1234F1Z5,51109350,18-02-2024,218110.0,21811.0,239921.0,Smart Devices,,,,,,,"[{""description"": ""Apple AirPods Pro 2nd Gen USB-C"", ""hsn_code"": null, ""quantity"": 10.0, ""rate"": 21811.0, ""amount"": 218110.0}]",,,INR,VAT
invoice_51109351.pdf,1,digital_text,99.0,PASSED,,TechVision Distributors Pvt Ltd,27AABCT1234F1Z5,51109351,28-05-2023,417833.0,41783.3,459616.3,Raj Electronics Pvt Ltd,,,,,,,"[{""description"": ""LG UltraGear 27 inch 165Hz Gaming Monitor"", ""hsn_code"": null, ""quantity"": 9.0, ""rate"": 30721.0, ""amount"": 276489.0}, {""description"": ""Lenovo IdeaPad Slim 5 i5 16GB 512GB"", ""hsn_code"": null, ""quantity"": 2.0, ""rate"": 70672.0, ""amount"": 141344.0}]",,,INR,VAT
invoice_51109352.pdf,1,digital_text,99.0,PASSED,,TechVision Distributors Pvt Ltd,27AABCT1234F1Z5,51109352,16-06-2023,442243.0,44224.3,486467.3,Sharma Tech Solutions,,,,,,,"[{""description"": ""Philips Hue White Ambiance Starter Kit"", ""hsn_code"": null, ""quantity"": 4.0, ""rate"": 8207.0, ""amount"": 32828.0}, {""description"": ""Apple Watch Series 9 GPS 45mm Midnight"", ""hsn_code"": null, ""quantity"": 1.0, ""rate"": 53791.0, ""amount"": 53791.0}, {""description"": ""Realme GT 5 Pro 256GB Navigator Beige"", ""hsn_code"": null, ""quantity"": 8.0, ""rate"": 44453.0, ""amount"": 355624.0}]",,,INR,VAT
invoice_51109353.pdf,1,digital_text,99.0,PASSED,,TechVision Distributors Pvt Ltd,27AABCT1234F1Z5,51109353,13-08-2023,488490.0,48849.0,537339.0,Gadget House,,,,,,,"[{""description"": ""Samsung Galaxy Buds2 Pro Graphite"", ""hsn_code"": null, ""quantity"": 10.0, ""rate"": 14361.0, ""amount"": 143610.0}, {""description"": ""Belkin MagSafe 3-in-1 Wireless Charger"", ""hsn_code"": null, ""quantity"": 6.0, ""rate"": 6703.0, ""amount"": 40218.0}, {""description"": ""Samsung Galaxy Watch6 Classic 47mm"", ""hsn_code"": null, ""quantity"": 2.0, ""rate"": 27550.0, ""amount"": 55100.0}, {""description"": ""TP-Link Archer AX73 WiFi 6 Router"", ""hsn_code"": null, ""quantity"": 3.0, ""rate"": 12264.0, ""amount"": 36792.0}, {""description"": ""Apple AirPods Pro 2nd Gen USB-C"", ""hsn_code"": null, ""quantity"": 10.0, ""rate"": 21277.0, ""amount"": 212770.0}]",,,INR,VAT
invoice_51109354.pdf,1,digital_text,99.0,PASSED,,TechVision Distributors Pvt Ltd Chennai Digital Store,27AABCT1234F1Z5,51109354,15-03-2024,747613.0,74761.3,822374.3,,,,,,,,"[{""description"": ""Samsung Galaxy Buds2 Pro Graphite"", ""hsn_code"": null, ""quantity"": 1.0, ""rate"": 11314.0, ""amount"": 11314.0}, {""description"": ""OnePlus 12 256GB Silky Black"", ""hsn_code"": null, ""quantity"": 5.0, ""rate"": 68983.0, ""amount"": 344915.0}, {""description"": ""Western Digital 2TB My Passport HDD"", ""hsn_code"": null, ""quantity"": 8.0, ""rate"": 7098.0, ""amount"": 56784.0}, {""description"": ""Dell 27 inch 4K USB-C IPS Monitor"", ""hsn_code"": null, ""quantity"": 7.0, ""rate"": 47800.0, ""amount"": 334600.0}]",,,INR,VAT
invoice_51109355.pdf,1,digital_text,99.0,PASSED,,TechVision Distributors Pvt Ltd Hyderabad IT Traders,27AABCT1234F1Z5,51109355,08-01-2024,1750945.0,175094.5,1926039.5,,,,,,,,"[{""description"": ""Sony Bravia 55 inch 4K OLED TV"", ""hsn_code"": null, ""quantity"": 8.0, ""rate"": 108225.0, ""amount"": 865800.0}, {""description"": ""Asus VivoBook 16 Ryzen 7 16GB 512GB"", ""hsn_code"": null, ""quantity"": 1.0, ""rate"": 79387.0, ""amount"": 79387.0}, {""description"": ""Philips Hue White Ambiance Starter Kit"", ""hsn_code"": null, ""quantity"": 7.0, ""rate"": 8113.0, ""amount"": 56791.0}, {""description"": ""Belkin MagSafe 3-in-1 Wireless Charger"", ""hsn_code"": null, ""quantity"": 7.0, ""rate"": 6096.0, ""amount"": 42672.0}, {""description"": ""Keychron K8 Pro Mechanical Keyboard"", ""hsn_code"": null, ""quantity"": 5.0, ""rate"": 10107.0, ""amount"": 50535.0}, {""description"": ""Garmin Fenix 7 Solar Multisport GPS"", ""hsn_code"": null, ""quantity"": 8.0, ""rate"": 81970.0, ""amount"": 655760.0}]",,,INR,VAT
invoice_51109356.pdf,1,digital_text,99.0,PASSED,,TechVision Distributors Pvt Ltd Kolkata Electronics Hub,27AABCT1234F1Z5,51109356,15-03-2024,1615350.0,161535.0,1776885.0,,,,,,,,"[{""description"": ""GoPro Hero 12 Black Action Camera"", ""hsn_code"": null, ""quantity"": 1.0, ""rate"": 36023.0, ""amount"": 36023.0}, {""description"": ""Apple Watch Series 9 GPS 45mm Midnight"", ""hsn_code"": null, ""quantity"": 4.0, ""rate"": 53790.0, ""amount"": 215160.0}, {""description"": ""HP Pavilion 15 Ryzen 5 8GB 512GB"", ""hsn_code"": null, ""quantity"": 2.0, ""rate"": 65738.0, ""amount"": 131476.0}, {""description"": ""Samsung 65 inch QLED 4K Smart TV"", ""hsn_code"": null, ""quantity"": 6.0, ""rate"": 111443.0, ""amount"": 668658.0}, {""description"": ""JBL Flip 6 Portable Bluetooth Speaker"", ""hsn_code"": null, ""quantity"": 6.0, ""rate"": 11936.0, ""amount"": 71616.0}, {""description"": ""Logitech MX Master 3S Wireless Mouse"", ""hsn_code"": null, ""quantity"": 9.0, ""rate"": 11123.0, ""amount"": 100107.0}, {""description"": ""Lenovo Tab P12 Pro 256GB Storm Grey"", ""hsn_code"": null, ""quantity"": 9.0, ""rate"": 43590.0, ""amount"": 392310.0}]",,,INR,VAT
invoice_51109357.pdf,1,digital_text,99.0,PASSED,,TechVision Distributors Pvt Ltd,27AABCT1234F1Z5,51109357,03-04-2024,1190112.0,119011.2,1309123.2,,,,,,,,"[{""description"": ""Garmin Fenix 7 Solar Multisport GPS"", ""hsn_code"": null, ""quantity"": 2.0, ""rate"": 66281.0, ""amount"": 132562.0}, {""description"": ""HP Pavilion 15 Ryzen 5 8GB 512GB"", ""hsn_code"": null, ""quantity"": 7.0, ""rate"": 62076.0, ""amount"": 434532.0}, {""description"": ""Realme GT 5 Pro 256GB Navigator Beige"", ""hsn_code"": null, ""quantity"": 8.0, ""rate"": 48833.0, ""amount"": 390664.0}, {""description"": ""Boat Rockerz 550 Bluetooth Headphones"", ""hsn_code"": null, ""quantity"": 4.0, ""rate"": 2693.0, ""amount"": 10772.0}, {""description"": ""LG 43 inch 4K UHD Smart WebOS TV"", ""hsn_code"": null, ""quantity"": 5.0, ""rate"": 37576.0, ""amount"": 187880.0}, {""description"": ""Keychron K8 Pro Mechanical Keyboard"", ""hsn_code"": null, ""quantity"": 3.0, ""rate"": 11234.0, ""amount"": 33702.0}]",,,INR,VAT
invoice_51109358.pdf,1,digital_text,99.0,PASSED,,TechVision Distributors Pvt Ltd Ahmedabad Tech World,27AABCT1234F1Z5,51109358,01-01-2024,2332368.0,233236.8,2565604.8,,,,,,,,"[{""description"": ""Apple Watch Series 9 GPS 45mm Midnight"", ""hsn_code"": null, ""quantity"": 8.0, ""rate"": 50214.0, ""amount"": 401712.0}, {""description"": ""Lenovo IdeaPad Slim 5 i5 16GB 512GB"", ""hsn_code"": null, ""quantity"": 9.0, ""rate"": 78218.0, ""amount"": 703962.0}, {""description"": ""Anker 65W GaN USB-C 3-Port Charger"", ""hsn_code"": null, ""quantity"": 10.0, ""rate"": 2571.0, ""amount"": 25710.0}, {""description"": ""Apple MacBook Air M2 8GB 256GB Silver"", ""hsn_code"": null, ""quantity"": 3.0, ""rate"": 100305.0, ""amount"": 300915.0}, {""description"": ""Xiaomi 14 Pro 512GB White"", ""hsn_code"": null, ""quantity"": 9.0, ""rate"": 74628.0, ""amount"": 671652.0}, {""description"": ""Sony WH-1000XM5 Wireless Headphones"", ""hsn_code"": null, ""quantity"": 7.0, ""rate"": 32631.0, ""amount"": 228417.0}]",,,INR,VAT
invoice_51109359.pdf,1,digital_text,99.0,PASSED,,TechVision Distributors Pvt Ltd,27AABCT1234F1Z5,51109359,22-12-2023,588348.0,58834.8,647182.8,Gadget Zone,,,,,,,"[{""description"": ""Vivo X100 Pro 256GB Asteroid Black"", ""hsn_code"": null, ""quantity"": 2.0, ""rate"": 83628.0, ""amount"": 167256.0}, {""description"": ""Samsung T7 Shield 1TB Portable SSD"", ""hsn_code"": null, ""quantity"": 7.0, ""rate"": 8141.0, ""amount"": 56987.0}, {""description"": ""Xiaomi 14 Pro 512GB White"", ""hsn_code"": null, ""quantity"": 5.0, ""rate"": 72821.0, ""amount"": 364105.0}]",,,INR,VAT
invoice_51109360.pdf,1,digital_text,99.0,PASSED,,TechVision Distributors Pvt Ltd Surat Digital Mall,27AABCT1234F1Z5,51109360,29-03-2024,2379327.0,237932.7,2617259.7,,,,,,,,"[{""description"": ""Samsung Galaxy S24 256GB Phantom Black"", ""hsn_code"": null, ""quantity"": 9.0, ""rate"": 83541.0, ""amount"": 751869.0}, {""description"": ""Samsung T7 Shield 1TB Portable SSD"", ""hsn_code"": null, ""quantity"": 4.0, ""rate"": 10524.0, ""amount"": 42096.0}, {""description"": ""Anker 65W GaN USB-C 3-Port Charger"", ""hsn_code"": null, ""quantity"": 2.0, ""rate"": 4412.0, ""amount"": 8824.0}, {""description"": ""Realme GT 5 Pro 256GB Navigator Beige"", ""hsn_code"": null, ""quantity"": 6.0, ""rate"": 40787.0, ""amount"": 244722.0}, {""description"": ""Boat Rockerz 550 Bluetooth Headphones"", ""hsn_code"": null, ""quantity"": 4.0, ""rate"": 2380.0, ""amount"": 9520.0}, {""description"": ""Apple iPhone 15 Pro 256GB Titanium"", ""hsn_code"": null, ""quantity"": 8.0, ""rate"": 134208.0, ""amount"": 1073664.0}, {""description"": ""Apple iPhone 15 128GB Black"", ""hsn_code"": null, ""quantity"": 4.0, ""rate"": 62158.0, ""amount"": 248632.0}]",,,INR,VAT
invoice_51109361.pdf,1,digital_text,99.0,PASSED,,TechVision Distributors Pvt Ltd Lucknow Electronics City,27AABCT1234F1Z5,51109361,31-10-2023,1287473.0,128747.3,1416220.3,,,,,,,,"[{""description"": ""Vivo X100 Pro 256GB Asteroid Black"", ""hsn_code"": null, ""quantity"": 1.0, ""rate"": 76659.0, ""amount"": 76659.0}, {""description"": ""Garmin Fenix 7 Solar Multisport GPS"", ""hsn_code"": null, ""quantity"": 2.0, ""rate"": 65890.0, ""amount"": 131780.0}, {""description"": ""Western Digital 2TB My Passport HDD"", ""hsn_code"": null, ""quantity"": 2.0, ""rate"": 6631.0, ""amount"": 13262.0}, {""description"": ""Samsung T7 Shield 1TB Portable SSD"", ""hsn_code"": null, ""quantity"": 10.0, ""rate"": 8525.0, ""amount"": 85250.0}, {""description"": ""Samsung Galaxy Watch6 Classic 47mm"", ""hsn_code"": null, ""quantity"": 9.0, ""rate"": 31005.0, ""amount"": 279045.0}, {""description"": ""Apple AirPods Pro 2nd Gen USB-C"", ""hsn_code"": null, ""quantity"": 1.0, ""rate"": 25261.0, ""amount"": 25261.0}, {""description"": ""Samsung Galaxy S24 256GB Phantom Black"", ""hsn_code"": null, ""quantity"": 8.0, ""rate"": 84527.0, ""amount"": 676216.0}]",,,INR,VAT
invoice_51109362.pdf,1,digital_text,99.0,PASSED,,TechVision Distributors Pvt Ltd Kochi Mobile Hub,27AABCT1234F1Z5,51109362,31-07-2023,1510591.0,151059.1,1661650.1,,,,,,,,"[{""description"": ""Logitech MX Master 3S Wireless Mouse"", ""hsn_code"": null, ""quantity"": 5.0, ""rate"": 11601.0, ""amount"": 58005.0}, {""description"": ""Samsung T7 Shield 1TB Portable SSD"", ""hsn_code"": null, ""quantity"": 10.0, ""rate"": 10228.0, ""amount"": 102280.0}, {""description"": ""HP Pavilion 15 Ryzen 5 8GB 512GB"", ""hsn_code"": null, ""quantity"": 2.0, ""rate"": 74466.0, ""amount"": 148932.0}, {""description"": ""Apple iPhone 15 Pro 256GB Titanium"", ""hsn_code"": null, ""quantity"": 9.0, ""rate"": 133486.0, ""amount"": 1201374.0}]",,,INR,VAT
invoice_51109363.pdf,1,digital_text,99.0,PASSED,,TechVision Distributors Pvt Ltd,27AABCT1234F1Z5,51109363,08-12-2023,1507148.0,150714.8,1657862.8,,,,,,,,"[{""description"": ""Lenovo Tab P12 Pro 256GB Storm Grey"", ""hsn_code"": null, ""quantity"": 10.0, ""rate"": 49006.0, ""amount"": 490060.0}, {""description"": ""Belkin MagSafe 3-in-1 Wireless Charger"", ""hsn_code"": null, ""quantity"": 8.0, ""rate"": 9952.0, ""amount"": 79616.0}, {""description"": ""Dell XPS 13 Intel i7 16GB 512GB"", ""hsn_code"": null, ""quantity"": 3.0, ""rate"": 104611.0, ""amount"": 313833.0}, {""description"": ""Apple AirPods Pro 2nd Gen USB-C"", ""hsn_code"": null, ""quantity"": 2.0, ""rate"": 21252.0, ""amount"": 42504.0}, {""description"": ""Anker 65W GaN USB-C 3-Port Charger"", ""hsn_code"": null, ""quantity"": 7.0, ""rate"": 3024.0, ""amount"": 21168.0}, {""description"": ""Samsung Galaxy Tab S9 256GB Graphite"", ""hsn_code"": null, ""quantity"": 2.0, ""rate"": 70051.0, ""amount"": 140102.0}, {""description"": ""Xiaomi 14 Pro 512GB White"", ""hsn_code"": null, ""quantity"": 5.0, ""rate"": 82889.0, ""amount"": 414445.0}, {""description"": ""Philips Hue White Ambiance Starter Kit"", ""hsn_code"": null, ""quantity"": 1.0, ""rate"": 5420.0, ""amount"": 5420.0}]",,,INR,VAT
invoice_51109364.pdf,1,digital_text,99.0,PASSED,,TechVision Distributors Pvt Ltd,27AABCT1234F1Z5,51109364,28-05-2023,64388.0,6438.8,70826.8,Indore Gadget Market,,,,,,,"[{""description"": ""Sony WH-1000XM5 Wireless Headphones"", ""hsn_code"": null, ""quantity"": 2.0, ""rate"": 30219.0, ""amount"": 60438.0}, {""description"": ""Anker 65W GaN USB-C 3-Port Charger"", ""hsn_code"": null, ""quantity"": 1.0, ""rate"": 3950.0, ""amount"": 3950.0}]",,,INR,VAT
invoice_51109365.pdf,1,digital_text,99.0,PASSED,,TechVision Distributors Pvt Ltd,27AABCT1234F1Z5,51109365,29-08-2023,702043.0,70204.3,772247.3,,,,,,,,"[{""description"": ""GoPro Hero 12 Black Action Camera"", ""hsn_code"": null, ""quantity"": 2.0, ""rate"": 40412.0, ""amount"": 80824.0}, {""description"": ""Sony Alpha ZV-E10 Mirrorless Kit 16-50"", ""hsn_code"": null, ""quantity"": 4.0, ""rate"": 57110.0, ""amount"": 228440.0}, {""description"": ""Sony WH-1000XM5 Wireless Headphones"", ""hsn_code"": null, ""quantity"": 3.0, ""rate"": 29158.0, ""amount"": 87474.0}, {""description"": ""HP Pavilion 15 Ryzen 5 8GB 512GB"", ""hsn_code"": null, ""quantity"": 1.0, ""rate"": 58960.0, ""amount"": 58960.0}, {""description"": ""Apple iPhone 15 128GB Black"", ""hsn_code"": null, ""quantity"": 3.0, ""rate"": 82115.0, ""amount"": 246345.0}]",,,INR,VAT
invoice_51109366.pdf,1,digital_text,99.0,PASSED,,TechVision Distributors Pvt Ltd Chandigarh Tech Square,27AABCT1234F1Z5,51109366,02-11-2023,1721882.0,172188.2,1894070.2,,,,,,,,"[{""description"": ""Samsung T7 Shield 1TB Portable SSD"", ""hsn_code"": null, ""quantity"": 1.0, ""rate"": 10495.0, ""amount"": 10495.0}, {""description"": ""HP Pavilion 15 Ryzen 5 8GB 512GB"", ""hsn_code"": null, ""quantity"": 10.0, ""rate"": 59212.0, ""amount"": 592120.0}, {""description"": ""GoPro Hero 12 Black Action Camera"", ""hsn_code"": null, ""quantity"": 6.0, ""rate"": 35676.0, ""amount"": 214056.0}, {""description"": ""OnePlus 12 256GB Silky Black"", ""hsn_code"": null, ""quantity"": 2.0, ""rate"": 68581.0, ""amount"": 137162.0}, {""description"": ""Xiaomi 14 Pro 512GB White"", ""hsn_code"": null, ""quantity"": 2.0, ""rate"": 83393.0, ""amount"": 166786.0}, {""description"": ""Logitech MX Master 3S Wireless Mouse"", ""hsn_code"": null, ""quantity"": 9.0, ""rate"": 11940.0, ""amount"": 107460.0}, {""description"": ""Apple Watch Series 9 GPS 45mm Midnight"", ""hsn_code"": null, ""quantity"": 9.0, ""rate"": 54867.0, ""amount"": 493803.0}]",,,INR,VAT
invoice_51109367.pdf,1,digital_text,99.0,PASSED,,TechVision Distributors Pvt Ltd,27AABCT1234F1Z5,51109367,04-08-2023,1938423.0,193842.3,2132265.3,,,,,,,,"[{""description"": ""Dell XPS 13 Intel i7 16GB 512GB"", ""hsn_code"": null, ""quantity"": 5, ""rate"": 104306.0, ""amount"": 521530.0}, {""description"": ""Lenovo IdeaPad Slim 5 i5 16GB 512GB"", ""hsn_code"": null, ""quantity"": 9, ""rate"": 73297.0, ""amount"": 659673.0}, {""description"": ""Belkin MagSafe 3-in-1 Wireless Charger"", ""hsn_code"": null, ""quantity"": 10, ""rate"": 7777.0, ""amount"": 77770.0}, {""description"": ""Canon EOS R50 Mirrorless Camera Body"", ""hsn_code"": null, ""quantity"": 10, ""rate"": 67945.0, ""amount"": 679450.0}]",,,INR,VAT
invoice_51109368.pdf,1,digital_text,99.0,PASSED,,TechVision Distributors Pvt Ltd,27AABCT1234F1Z5,51109368,21-11-2023,1768489.0,176848.9,1945337.9,,,,,,,,"[{""description"": ""TP-Link Archer AX73 WiFi 6 Router"", ""hsn_code"": null, ""quantity"": 9.0, ""rate"": 15016.0, ""amount"": 135144.0}, {""description"": ""Dell XPS 13 Intel i7 16GB 512GB"", ""hsn_code"": null, ""quantity"": 2.0, ""rate"": 102760.0, ""amount"": 205520.0}, {""description"": ""Samsung Galaxy S24 256GB Phantom Black"", ""hsn_code"": null, ""quantity"": 2.0, ""rate"": 88435.0, ""amount"": 176870.0}, {""description"": ""Apple MacBook Air M2 8GB 256GB Silver"", ""hsn_code"": null, ""quantity"": 7.0, ""rate"": 109088.0, ""amount"": 763616.0}, {""description"": ""Western Digital 2TB My Passport HDD"", ""hsn_code"": null, ""quantity"": 3.0, ""rate"": 6166.0, ""amount"": 18498.0}, {""description"": ""Samsung Galaxy Watch6 Classic 47mm"", ""hsn_code"": null, ""quantity"": 7.0, ""rate"": 29341.0, ""amount"": 205387.0}, {""description"": ""Keychron K8 Pro Mechanical Keyboard"", ""hsn_code"": null, ""quantity"": 4.0, ""rate"": 10738.0, ""amount"": 42952.0}, {""description"": ""Apple iPhone 15 Pro 256GB Titanium"", ""hsn_code"": null, ""quantity"": 2.0, ""rate"": 110251.0, ""amount"": 220502.0}]",,,INR,VAT
invoice_51109369.pdf,1,digital_text,99.0,PASSED,,TechVision Distributors Pvt Ltd Patna Electronics Corner,27AABCT1234F1Z5,51109369,19-07-2023,1147282.0,114728.2,1262010.2,,,,,,,,"[{""description"": ""Logitech MX Master 3S Wireless Mouse"", ""hsn_code"": null, ""quantity"": 2.0, ""rate"": 8570.0, ""amount"": 17140.0}, {""description"": ""Dell XPS 13 Intel i7 16GB 512GB"", ""hsn_code"": null, ""quantity"": 5.0, ""rate"": 116555.0, ""amount"": 582775.0}, {""description"": ""Lenovo Tab P12 Pro 256GB Storm Grey"", ""hsn_code"": null, ""quantity"": 7.0, ""rate"": 37229.0, ""amount"": 260603.0}, {""description"": ""Lenovo IdeaPad Slim 5 i5 16GB 512GB"", ""hsn_code"": null, ""quantity"": 4.0, ""rate"": 71691.0, ""amount"": 286764.0}]",,,INR,VAT
invoice_51109370.pdf,1,digital_text,99.0,PASSED,,TechVision Distributors Pvt Ltd,27AABCT1234F1Z5,51109370,12-03-2024,635761.0,63576.1,699337.1,,,,,,,,"[{""description"": ""Sony Alpha ZV-E10 Mirrorless Kit 16-50"", ""hsn_code"": null, ""quantity"": 3, ""rate"": 63772, ""amount"": 191316}, {""description"": ""Anker 65W GaN USB-C 3-Port Charger"", ""hsn_code"": null, ""quantity"": 8, ""rate"": 2616, ""amount"": 20928}, {""description"": ""Apple Watch Series 9 GPS 45mm Midnight"", ""hsn_code"": null, ""quantity"": 1, ""rate"": 41047, ""amount"": 41047}, {""description"": ""Sony WH-1000XM5 Wireless Headphones"", ""hsn_code"": null, ""quantity"": 3, ""rate"": 29135, ""amount"": 87405}, {""description"": ""OnePlus 12 256GB Silky Black"", ""hsn_code"": null, ""quantity"": 5, ""rate"": 59013, ""amount"": 295065}]",,,INR,VAT
invoice_51109371.pdf,1,digital_text,99.0,PASSED,,TechVision Distributors Pvt Ltd,27AABCT1234F1Z5,51109371,15-08-2023,2322896.0,232289.6,2555185.6,Gadget Gallery,,,,,,,"[{""description"": ""Canon EOS R50 Mirrorless Camera Body"", ""hsn_code"": null, ""quantity"": 8.0, ""rate"": 66279.0, ""amount"": 530232.0}, {""description"": ""Apple iPhone 15 128GB Black"", ""hsn_code"": null, ""quantity"": 10.0, ""rate"": 83640.0, ""amount"": 836400.0}, {""description"": ""HP Pavilion 15 Ryzen 5 8GB 512GB"", ""hsn_code"": null, ""quantity"": 4.0, ""rate"": 65296.0, ""amount"": 261184.0}, {""description"": ""Samsung 65 inch QLED 4K Smart TV"", ""hsn_code"": null, ""quantity"": 6.0, ""rate"": 111968.0, ""amount"": 671808.0}, {""description"": ""Philips Hue White Ambiance Starter Kit"", ""hsn_code"": null, ""quantity"": 4.0, ""rate"": 5818.0, ""amount"": 23272.0}]",,,INR,VAT
invoice_51109372.pdf,1,digital_text,99.0,PASSED,,TechVision Distributors Pvt Ltd,27AABCT1234F1Z5,51109372,05-03-2024,1318377.0,131837.7,1450214.7,,,,,,,,"[{""description"": ""Xiaomi 14 Pro 512GB White"", ""hsn_code"": null, ""quantity"": 8.0, ""rate"": 78150.0, ""amount"": 625200.0}, {""description"": ""Samsung Galaxy Tab S9 256GB Graphite"", ""hsn_code"": null, ""quantity"": 7.0, ""rate"": 68021.0, ""amount"": 476147.0}, {""description"": ""Western Digital 2TB My Passport HDD"", ""hsn_code"": null, ""quantity"": 6.0, ""rate"": 7331.0, ""amount"": 43986.0}, {""description"": ""Apple Watch Series 9 GPS 45mm Midnight"", ""hsn_code"": null, ""quantity"": 4.0, ""rate"": 43261.0, ""amount"": 173044.0}]",,,INR,VAT
invoice_51109373.pdf,1,digital_text,99.0,PASSED,,TechVision Distributors Pvt Ltd Meerut Tech Market,27AABCT1234F1Z5,51109373,17-04-2023,283770.0,28377.0,312147.0,,,,,,,,"[{""description"": ""Vivo X100 Pro 256GB Asteroid Black"", ""hsn_code"": null, ""quantity"": 3.0, ""rate"": 94590.0, ""amount"": 283770.0}]",,,INR,VAT
invoice_51109374.pdf,1,digital_text,99.0,PASSED,,TechVision Distributors Pvt Ltd,27AABCT1234F1Z5,51109374,02-02-2024,1142048.0,114204.8,1256252.8,,,,,,,,"[{""description"": ""JBL Flip 6 Portable Bluetooth Speaker"", ""hsn_code"": null, ""quantity"": 8.0, ""rate"": 11473.0, ""amount"": 91784.0}, {""description"": ""Apple MacBook Air M2 8GB 256GB Silver"", ""hsn_code"": null, ""quantity"": 9.0, ""rate"": 98710.0, ""amount"": 888390.0}, {""description"": ""Boat Rockerz 550 Bluetooth Headphones"", ""hsn_code"": null, ""quantity"": 9.0, ""rate"": 2163.0, ""amount"": 19467.0}, {""description"": ""Keychron K8 Pro Mechanical Keyboard"", ""hsn_code"": null, ""quantity"": 8.0, ""rate"": 13418.0, ""amount"": 107344.0}, {""description"": ""LG UltraGear 27 inch 165Hz Gaming Monitor"", ""hsn_code"": null, ""quantity"": 1.0, ""rate"": 35063.0, ""amount"": 35063.0}]",,,INR,VAT
invoice_51109375.pdf,1,digital_text,99.0,PASSED,,TechVision Distributors Pvt Ltd Rajkot Mobile World,27AABCT1234F1Z5,51109375,27-08-2023,477374.0,47737.4,525111.4,,,,,,,,"[{""description"": ""Apple AirPods Pro 2nd Gen USB-C"", ""hsn_code"": """", ""quantity"": 1, ""rate"": 22114.0, ""amount"": 22114.0}, {""description"": ""Boat Rockerz 550 Bluetooth Headphones"", ""hsn_code"": """", ""quantity"": 8, ""rate"": 1578.0, ""amount"": 12624.0}, {""description"": ""Samsung Galaxy S24 256GB Phantom Black"", ""hsn_code"": """", ""quantity"": 1, ""rate"": 69304.0, ""amount"": 69304.0}, {""description"": ""Lenovo Tab P12 Pro 256GB Storm Grey"", ""hsn_code"": """", ""quantity"": 9, ""rate"": 40018.0, ""amount"": 360162.0}, {""description"": ""Anker 65W GaN USB-C 3-Port Charger"", ""hsn_code"": """", ""quantity"": 5, ""rate"": 2634.0, ""amount"": 13170.0}]",,,INR,VAT
invoice_51109376.pdf,1,digital_text,99.0,PASSED,,TechVision Distributors Pvt Ltd Madurai Digital Hub,27AABCT1234F1Z5,51109376,16-10-2023,1462815.0,146281.5,1609096.5,,,,,,,,"[{""description"": ""Samsung Galaxy Buds2 Pro Graphite"", ""hsn_code"": null, ""quantity"": 2.0, ""rate"": 12338.0, ""amount"": 24676.0}, {""description"": ""Apple Watch Series 9 GPS 45mm Midnight"", ""hsn_code"": null, ""quantity"": 5.0, ""rate"": 54166.0, ""amount"": 270830.0}, {""description"": ""OnePlus 12 256GB Silky Black"", ""hsn_code"": null, ""quantity"": 2.0, ""rate"": 68098.0, ""amount"": 136196.0}, {""description"": ""Dell 27 inch 4K USB-C IPS Monitor"", ""hsn_code"": null, ""quantity"": 9.0, ""rate"": 57659.0, ""amount"": 518931.0}, {""description"": ""Lenovo Tab P12 Pro 256GB Storm Grey"", ""hsn_code"": null, ""quantity"": 6.0, ""rate"": 45409.0, ""amount"": 272454.0}, {""description"": ""Apple MacBook Air M2 8GB 256GB Silver"", ""hsn_code"": null, ""quantity"": 2.0, ""rate"": 111183.0, ""amount"": 222366.0}, {""description"": ""JBL Flip 6 Portable Bluetooth Speaker"", ""hsn_code"": null, ""quantity"": 2.0, ""rate"": 8681.0, ""amount"": 17362.0}]",,,INR,VAT
invoice_51109377.pdf,1,digital_text,99.0,PASSED,,TechVision Distributors Pvt Ltd Ranchi,27AABCT1234F1Z5,51109377,15-11-2023,925481.0,92548.1,1018029.1,Gadget Point,,,,,,,"[{""description"": ""Samsung Galaxy Watch6 Classic 47mm"", ""hsn_code"": null, ""quantity"": 6.0, ""rate"": 31130.0, ""amount"": 186780.0}, {""description"": ""TP-Link Archer AX73 WiFi 6 Router"", ""hsn_code"": null, ""quantity"": 1.0, ""rate"": 14931.0, ""amount"": 14931.0}, {""description"": ""JBL Flip 6 Portable Bluetooth Speaker"", ""hsn_code"": null, ""quantity"": 3.0, ""rate"": 9100.0, ""amount"": 27300.0}, {""description"": ""Anker 65W GaN USB-C 3-Port Charger"", ""hsn_code"": null, ""quantity"": 10.0, ""rate"": 2528.0, ""amount"": 25280.0}, {""description"": ""Boat Rockerz 550 Bluetooth Headphones"", ""hsn_code"": null, ""quantity"": 3.0, ""rate"": 1624.0, ""amount"": 4872.0}, {""description"": ""Samsung Galaxy Tab S9 256GB Graphite"", ""hsn_code"": null, ""quantity"": 9.0, ""rate"": 69816.0, ""amount"": 628344.0}, {""description"": ""Philips Hue White Ambiance Starter Kit"", ""hsn_code"": null, ""quantity"": 6.0, ""rate"": 6329.0, ""amount"": 37974.0}]",,,INR,VAT
invoice_51109378.pdf,1,digital_text,99.0,PASSED,,TechVision Distributors Pvt Ltd,27AABCT1234F1Z5,51109378,07-12-2023,2711346.0,271134.6,2982480.6,,,,,,,,"[{""description"": ""Lenovo Tab P12 Pro 256GB Storm Grey"", ""hsn_code"": null, ""quantity"": 6, ""rate"": 39006.0, ""amount"": 257439.6}, {""description"": ""Samsung Galaxy Buds2 Pro Graphite"", ""hsn_code"": null, ""quantity"": 4, ""rate"": 14209.0, ""amount"": 62519.6}, {""description"": ""Western Digital 2TB My Passport HDD"", ""hsn_code"": null, ""quantity"": 7, ""rate"": 7994.0, ""amount"": 61553.8}, {""description"": ""Apple MacBook Air M2 8GB 256GB Silver"", ""hsn_code"": null, ""quantity"": 8, ""rate"": 113594.0, ""amount"": 999627.2}, {""description"": ""Apple iPad Air M1 64GB WiFi Space Grey"", ""hsn_code"": null, ""quantity"": 5, ""rate"": 58421.0, ""amount"": 321315.5}, {""description"": ""Keychron K8 Pro Mechanical Keyboard"", ""hsn_code"": null, ""quantity"": 9, ""rate"": 12153.0, ""amount"": 120314.7}, {""description"": ""Samsung Galaxy Tab S9 256GB Graphite"", ""hsn_code"": null, ""quantity"": 9, ""rate"": 73998.0, ""amount"": 732580.2}, {""description"": ""LG UltraGear 27 inch 165Hz Gaming Monitor"", ""hsn_code"": null, ""quantity"": 10, ""rate"": 38830.0, ""amount"": 427130.0}]",,,INR,VAT
invoice_51109379.pdf,1,digital_text,99.0,PASSED,,TechVision Distributors Pvt Ltd,27AABCT1234F1Z5,51109379,22-08-2023,986282.0,98628.2,1084910.2,,,,,,,,"[{""description"": ""Samsung Galaxy S24 256GB Phantom Black"", ""hsn_code"": null, ""quantity"": 4.0, ""rate"": 82136.0, ""amount"": 328544.0}, {""description"": ""Samsung Galaxy Buds2 Pro Graphite"", ""hsn_code"": null, ""quantity"": 6.0, ""rate"": 14282.0, ""amount"": 85692.0}, {""description"": ""Belkin MagSafe 3-in-1 Wireless Charger"", ""hsn_code"": null, ""quantity"": 2.0, ""rate"": 6723.0, ""amount"": 13446.0}, {""description"": ""Dell 27 inch 4K USB-C IPS Monitor"", ""hsn_code"": null, ""quantity"": 5.0, ""rate"": 40242.0, ""amount"": 201210.0}, {""description"": ""GoPro Hero 12 Black Action Camera"", ""hsn_code"": null, ""quantity"": 10.0, ""rate"": 35739.0, ""amount"": 357390.0}]",,,INR,VAT
invoice_51109380.pdf,1,digital_text,99.0,PASSED,,TechVision Distributors Pvt Ltd,27AABCT1234F1Z5,51109380,19-06-2023,496050.0,49605.0,545655.0,,,,,,,,"[{""description"": ""Apple iPad Air M1 64GB WiFi Space Grey"", ""hsn_code"": null, ""quantity"": 4.0, ""rate"": 62411.0, ""amount"": 249644.0}, {""description"": ""Anker 65W GaN USB-C 3-Port Charger"", ""hsn_code"": null, ""quantity"": 9.0, ""rate"": 3630.0, ""amount"": 32670.0}, {""description"": ""Apple Watch Series 9 GPS 45mm Midnight"", ""hsn_code"": null, ""quantity"": 4.0, ""rate"": 53434.0, ""amount"": 213736.0}]",,,INR,VAT
invoice_51109381.pdf,1,digital_text,99.0,PASSED,,TechVision Distributors Pvt Ltd,27AABCT1234F1Z5,51109381,06-08-2023,1129575.0,112957.5,1242532.5,Client,,,,,,,"[{""description"": ""Keychron K8 Pro Mechanical Keyboard"", ""hsn_code"": null, ""quantity"": 5.0, ""rate"": 13138.0, ""amount"": 65690.0}, {""description"": ""JBL Flip 6 Portable Bluetooth Speaker"", ""hsn_code"": null, ""quantity"": 4.0, ""rate"": 10586.0, ""amount"": 42344.0}, {""description"": ""Lenovo IdeaPad Slim 5 i5 16GB 512GB"", ""hsn_code"": null, ""quantity"": 1.0, ""rate"": 74805.0, ""amount"": 74805.0}, {""description"": ""Sony Bravia 55 inch 4K OLED TV"", ""hsn_code"": null, ""quantity"": 7.0, ""rate"": 135248.0, ""amount"": 946736.0}]",,,INR,VAT
invoice_51109382.pdf,1,digital_text,99.0,PASSED,,TechVision Distributors Pvt Ltd,27AABCT1234F1Z5,51109382,11-05-2023,711486.0,71148.6,782634.6,,,,,,,,"[{""description"": ""Apple Watch Series 9 GPS 45mm Midnight"", ""hsn_code"": null, ""quantity"": 6.0, ""rate"": 53381.0, ""amount"": 320286.0}, {""description"": ""Apple iPad Air M1 64GB WiFi Space Grey"", ""hsn_code"": null, ""quantity"": 6.0, ""rate"": 65200.0, ""amount"": 391200.0}]",,,INR,VAT
invoice_51109383.pdf,1,digital_text,99.0,PASSED,,TechVision Distributors Pvt Ltd Thiruvananthapuram Gadgets,27AABCT1234F1Z5,51109383,03-11-2023,1787388.0,178738.8,1966126.8,,,,,,,,"[{""description"": ""Apple iPad Air M1 64GB WiFi Space Grey"", ""hsn_code"": null, ""quantity"": 10.0, ""rate"": 68521.0, ""amount"": 685210.0}, {""description"": ""Apple iPhone 15 Pro 256GB Titanium"", ""hsn_code"": null, ""quantity"": 2.0, ""rate"": 134274.0, ""amount"": 268548.0}, {""description"": ""Logitech MX Master 3S Wireless Mouse"", ""hsn_code"": null, ""quantity"": 2.0, ""rate"": 11473.0, ""amount"": 22946.0}, {""description"": ""Samsung Galaxy Tab S9 256GB Graphite"", ""hsn_code"": null, ""quantity"": 3.0, ""rate"": 67099.0, ""amount"": 201297.0}, {""description"": ""Apple iPhone 15 128GB Black"", ""hsn_code"": null, ""quantity"": 4.0, ""rate"": 84577.0, ""amount"": 338308.0}, {""description"": ""Boat Rockerz 550 Bluetooth Headphones"", ""hsn_code"": null, ""quantity"": 1.0, ""rate"": 2991.0, ""amount"": 2991.0}, {""description"": ""Samsung Galaxy Watch6 Classic 47mm"", ""hsn_code"": null, ""quantity"": 8.0, ""rate"": 33511.0, ""amount"": 268088.0}]",,,INR,VAT
invoice_51109384.pdf,1,digital_text,99.0,PASSED,,TechVision Distributors Pvt Ltd Mysuru Electronics,27AABCT1234F1Z5,51109384,05-04-2024,1665820.0,166582.0,1832402.0,,,,,,,,"[{""description"": ""Apple MacBook Air M2 8GB 256GB Silver"", ""hsn_code"": null, ""quantity"": 6, ""rate"": 113412.0, ""amount"": 680472.0}, {""description"": ""Samsung T7 Shield 1TB Portable SSD"", ""hsn_code"": null, ""quantity"": 7, ""rate"": 8600.0, ""amount"": 60200.0}, {""description"": ""Asus VivoBook 16 Ryzen 7 16GB 512GB"", ""hsn_code"": null, ""quantity"": 1, ""rate"": 69398.0, ""amount"": 69398.0}, {""description"": ""TP-Link Archer AX73 WiFi 6 Router"", ""hsn_code"": null, ""quantity"": 6, ""rate"": 14072.0, ""amount"": 84432.0}, {""description"": ""Samsung Galaxy Watch6 Classic 47mm"", ""hsn_code"": null, ""quantity"": 6, ""rate"": 27228.0, ""amount"": 163368.0}, {""description"": ""JBL Flip 6 Portable Bluetooth Speaker"", ""hsn_code"": null, ""quantity"": 5, ""rate"": 11286.0, ""amount"": 56430.0}, {""description"": ""OnePlus 12 256GB Silky Black"", ""hsn_code"": null, ""quantity"": 9, ""rate"": 61280.0, ""amount"": 551520.0}]",,,INR,VAT
invoice_51109385.pdf,1,digital_text,99.0,PASSED,,TechVision Distributors Pvt Ltd Mangaluru Tech Zone,27AABCT1234F1Z5,51109385,06-08-2023,1077421.0,107742.1,1185163.1,,,,,,,,"[{""description"": ""Samsung T7 Shield 1TB Portable SSD"", ""hsn_code"": null, ""quantity"": 3.0, ""rate"": 8741.0, ""amount"": 26223.0}, {""description"": ""LG 43 inch 4K UHD Smart WebOS TV"", ""hsn_code"": null, ""quantity"": 6.0, ""rate"": 40600.0, ""amount"": 243600.0}, {""description"": ""HP Pavilion 15 Ryzen 5 8GB 512GB"", ""hsn_code"": null, ""quantity"": 2.0, ""rate"": 68139.0, ""amount"": 136278.0}, {""description"": ""Apple iPad Air M1 64GB WiFi Space Grey"", ""hsn_code"": null, ""quantity"": 10.0, ""rate"": 67132.0, ""amount"": 671320.0}]",,,INR,VAT
invoice_51109386.pdf,1,digital_text,99.0,PASSED,,TechVision Distributors Pvt Ltd Hubli Digital Store,27AABCT1234F1Z5,51109386,28-07-2023,1558903.0,155890.3,1714793.3,,,,,,,,"[{""description"": ""Sony Bravia 55 inch 4K OLED TV"", ""hsn_code"": null, ""quantity"": 4.0, ""rate"": 122957.0, ""amount"": 491828.0}, {""description"": ""Dell 27 inch 4K USB-C IPS Monitor"", ""hsn_code"": null, ""quantity"": 9.0, ""rate"": 53295.0, ""amount"": 479655.0}, {""description"": ""Apple AirPods Pro 2nd Gen USB-C"", ""hsn_code"": null, ""quantity"": 10.0, ""rate"": 20580.0, ""amount"": 205800.0}, {""description"": ""Garmin Fenix 7 Solar Multisport GPS"", ""hsn_code"": null, ""quantity"": 5.0, ""rate"": 76324.0, ""amount"": 381620.0}]",,,INR,VAT
invoice_51109387.pdf,1,digital_text,99.0,PASSED,,TechVision Distributors Pvt Ltd Varanasi Electronics Hub,27AABCT1234F1Z5,51109387,22-02-2024,2043227.0,204322.7,2247549.7,,,,,,,,"[{""description"": ""Anker 65W GaN USB-C 3-Port Charger"", ""hsn_code"": null, ""quantity"": 2, ""rate"": 4314.0, ""amount"": 8628.0}, {""description"": ""Xiaomi 14 Pro 512GB White"", ""hsn_code"": null, ""quantity"": 10, ""rate"": 75938.0, ""amount"": 759380.0}, {""description"": ""Dell XPS 13 Intel i7 16GB 512GB"", ""hsn_code"": null, ""quantity"": 5, ""rate"": 116262.0, ""amount"": 581310.0}, {""description"": ""Apple iPhone 15 Pro 256GB Titanium"", ""hsn_code"": null, ""quantity"": 2, ""rate"": 113221.0, ""amount"": 226442.0}, {""description"": ""OnePlus 12 256GB Silky Black"", ""hsn_code"": null, ""quantity"": 7, ""rate"": 66781.0, ""amount"": 467467.0}]",,,INR,VAT
invoice_51109388.pdf,1,digital_text,99.0,PASSED,,TechVision Distributors Pvt Ltd Prayagraj Smart Tech,27AABCT1234F1Z5,51109388,05-10-2023,1337430.0,133743.0,1471173.0,,,,,,,,"[{""description"": ""Realme GT 5 Pro 256GB Navigator Beige"", ""hsn_code"": null, ""quantity"": 9, ""rate"": 42107.0, ""amount"": 378963.0}, {""description"": ""OnePlus 12 256GB Silky Black"", ""hsn_code"": null, ""quantity"": 6, ""rate"": 60531.0, ""amount"": 363186.0}, {""description"": ""Lenovo IdeaPad Slim 5 i5 16GB 512GB Monitor"", ""hsn_code"": null, ""quantity"": 2, ""rate"": 62823.0, ""amount"": 125646.0}, {""description"": ""GoPro Hero 12 Black Action Camera"", ""hsn_code"": null, ""quantity"": 5, ""rate"": 40159.0, ""amount"": 200795.0}, {""description"": ""LG UltraGear 27 inch 165Hz Gaming Monitor"", ""hsn_code"": null, ""quantity"": 8, ""rate"": 32057.0, ""amount"": 256456.0}, {""description"": ""TP-Link Archer AX73 WiFi 6 Router"", ""hsn_code"": null, ""quantity"": 1, ""rate"": 12384.0, ""amount"": 12384.0}]",,,INR,VAT
invoice_51109389.pdf,1,digital_text,99.0,PASSED,,TechVision Distributors Pvt Ltd,27AABCT1234F1Z5,51109389,11-01-2024,1765815.0,176581.5,1942396.5,,,,,,,,"[{""description"": ""GoPro Hero 12 Black Action Camera"", ""hsn_code"": null, ""quantity"": 5.0, ""rate"": 41742.0, ""amount"": 208710.0}, {""description"": ""Samsung Galaxy Buds2 Pro Graphite"", ""hsn_code"": null, ""quantity"": 3.0, ""rate"": 13341.0, ""amount"": 40023.0}, {""description"": ""OnePlus 12 256GB Silky Black"", ""hsn_code"": null, ""quantity"": 7.0, ""rate"": 62272.0, ""amount"": 435904.0}, {""description"": ""JBL Flip 6 Portable Bluetooth Speaker"", ""hsn_code"": null, ""quantity"": 8.0, ""rate"": 11819.0, ""amount"": 94552.0}, {""description"": ""Xiaomi 14 Pro 512GB White"", ""hsn_code"": null, ""quantity"": 5.0, ""rate"": 79710.0, ""amount"": 398550.0}, {""description"": ""Philips Hue White Ambiance Starter Kit"", ""hsn_code"": null, ""quantity"": 5.0, ""rate"": 7266.0, ""amount"": 36330.0}, {""description"": ""Samsung Galaxy Tab S9 256GB"", ""hsn_code"": null, ""quantity"": 6.0, ""rate"": 66332.0, ""amount"": 397992.0}, {""description"": ""Vivo X100 Pro 256GB Asteroid Black"", ""hsn_code"": null, ""quantity"": 2.0, ""rate"": 76877.0, ""amount"": 153754.0}]",,,INR,VAT
invoice_51109390.pdf,1,digital_text,99.0,PASSED,,TechVision Distributors Pvt Ltd Udaipur Electronics Plaza,27AABCT1234F1Z5,51109390,29-07-2023,1084532.0,108453.2,1192985.2,,,,,,,,"[{""description"": ""HP Pavilion 15 Ryzen 5 8GB 512GB"", ""hsn_code"": null, ""quantity"": 5.0, ""rate"": 69242.0, ""amount"": 346210.0}, {""description"": ""Dell XPS 13 Intel i7 16GB 512GB"", ""hsn_code"": null, ""quantity"": 1.0, ""rate"": 101082.0, ""amount"": 101082.0}, {""description"": ""Samsung Galaxy S24 256GB Phantom Black"", ""hsn_code"": null, ""quantity"": 4.0, ""rate"": 70054.0, ""amount"": 280216.0}, {""description"": ""Apple iPhone 15 128GB Black"", ""hsn_code"": null, ""quantity"": 6.0, ""rate"": 59504.0, ""amount"": 357024.0}]",,,INR,VAT
invoice_51109391.pdf,1,digital_text,99.0,PASSED,,TechVision Distributors Pvt Ltd Gwalior Tech World,27AABCT1234F1Z5,51109391,19-05-2023,705692.0,70569.2,776261.2,,,,,,,,"[{""description"": ""Samsung 65 inch QLED 4K Smart TV"", ""hsn_code"": null, ""quantity"": 2.0, ""rate"": 133990.0, ""amount"": 267980.0}, {""description"": ""Canon EOS R50 Mirrorless Camera Body"", ""hsn_code"": null, ""quantity"": 6.0, ""rate"": 72952.0, ""amount"": 437712.0}]",,,INR,VAT
invoice_51109392.pdf,1,digital_text,99.0,PASSED,,TechVision Distributors Pvt Ltd Jabalpur Digital Zone,27AABCT1234F1Z5,51109392,19-07-2023,1413696.0,141369.6,1555065.6,,,,,,,,"[{""description"": ""GoPro Hero 12 Black Action Camera"", ""hsn_code"": null, ""quantity"": 3.0, ""rate"": 36991.0, ""amount"": 110973.0}, {""description"": ""Xiaomi 14 Pro 512GB White"", ""hsn_code"": null, ""quantity"": 7.0, ""rate"": 70531.0, ""amount"": 493717.0}, {""description"": ""Asus VivoBook 16 Ryzen 7 16GB 512GB"", ""hsn_code"": null, ""quantity"": 10.0, ""rate"": 72484.0, ""amount"": 724840.0}, {""description"": ""LG 43 inch 4K UHD Smart WebOS TV"", ""hsn_code"": null, ""quantity"": 2.0, ""rate"": 42083.0, ""amount"": 84166.0}]",,,INR,VAT
invoice_51109393.pdf,1,digital_text,99.0,PASSED,,TechVision Distributors Pvt Ltd,27AABCT1234F1Z5,51109393,13-04-2023,5066.0,506.6,5572.6,Smart Gadgets,,,,,,,"[{""description"": ""Philips Hue White Ambiance Starter Kit"", ""hsn_code"": null, ""quantity"": 1.0, ""rate"": 5066.0, ""amount"": 5066.0}]",,,INR,VAT
invoice_51109394.pdf,1,digital_text,99.0,PASSED,,TechVision Distributors Pvt Ltd,27AABCT1234F1Z5,51109394,02-12-2023,2060719.0,206071.9,2266790.9,,,,,,,,"[{""description"": ""Canon EOS R50 Mirrorless Camera Body"", ""hsn_code"": null, ""quantity"": 7.0, ""rate"": 67396.0, ""amount"": 471772.0}, {""description"": ""DJI Mini 3 Pro Fly More Combo Drone"", ""hsn_code"": null, ""quantity"": 2.0, ""rate"": 110856.0, ""amount"": 221712.0}, {""description"": ""Apple iPhone 15 Pro 256GB Titanium"", ""hsn_code"": null, ""quantity"": 3.0, ""rate"": 115171.0, ""amount"": 345513.0}, {""description"": ""Sony Bravia 55 inch 4K OLED TV"", ""hsn_code"": null, ""quantity"": 3.0, ""rate"": 125203.0, ""amount"": 375609.0}, {""description"": ""Apple AirPods Pro 2nd Gen USB-C"", ""hsn_code"": null, ""quantity"": 3.0, ""rate"": 20721.0, ""amount"": 62163.0}, {""description"": ""Lenovo Tab P12 Pro 256GB Storm Grey"", ""hsn_code"": null, ""quantity"": 9.0, ""rate"": 44573.0, ""amount"": 401157.0}, {""description"": ""Philips Hue White Ambiance Starter Kit"", ""hsn_code"": null, ""quantity"": 10.0, ""rate"": 5232.0, ""amount"": 52320.0}, {""description"": ""TP-Link Archer AX73 WiFi 6 Router"", ""hsn_code"": null, ""quantity"": 9.0, ""rate"": 14497.0, ""amount"": 130473.0}]",,,INR,VAT
invoice_51109395.pdf,1,digital_text,99.0,PASSED,,TechVision Distributors Pvt Ltd,27AABCT1234F1Z5,51109395,11-10-2023,2455501.0,245550.1,2701051.1,,,,,,,,"[{""description"": ""LG 43 inch 4K UHD Smart WebOS TV"", ""hsn_code"": null, ""quantity"": 7.0, ""rate"": 41990.0, ""amount"": 293930.0}, {""description"": ""Realme GT 5 Pro 256GB Navigator Beige"", ""hsn_code"": null, ""quantity"": 7.0, ""rate"": 47254.0, ""amount"": 330778.0}, {""description"": ""Apple MacBook Air M2 8GB 256GB Silver"", ""hsn_code"": null, ""quantity"": 6.0, ""rate"": 114521.0, ""amount"": 687126.0}, {""description"": ""Samsung Galaxy S24 256GB Phantom Black"", ""hsn_code"": null, ""quantity"": 5.0, ""rate"": 85277.0, ""amount"": 426385.0}, {""description"": ""HP Pavilion 15 Ryzen 5 8GB 512GB"", ""hsn_code"": null, ""quantity"": 6.0, ""rate"": 68177.0, ""amount"": 409062.0}, {""description"": ""Dell 27 inch 4K USB-C IPS Monitor"", ""hsn_code"": null, ""quantity"": 6.0, ""rate"": 51370.0, ""amount"": 308220.0}]",,,INR,VAT
invoice_51109396.pdf,1,digital_text,99.0,NEEDS_MANUAL_REVIEW,"DEMO_MODE stub — live call failed (429 RESOURCE_EXHAUSTED. {'error': {'code': 429, 'message': 'You exceeded your current quota, please check your plan and billing details. For more information on this error, head to: https://ai.google.dev/gemini-api/docs/rate-limits. To monitor your current usage, head to: https://ai.dev/rate-limit. \n* Quota exceeded for metric: generativelanguage.googleapis.com/generate_content_free_tier_requests, limit: 20, model: gemini-2.5-flash-lite\nPlease retry in 12.747039675s.', 'status': 'RESOURCE_EXHAUSTED', 'details': [{'@type': 'type.googleapis.com/google.rpc.Help', 'links': [{'description': 'Learn more about Gemini API quotas', 'url': 'https://ai.google.dev/gemini-api/docs/rate-limits'}]}, {'@type': 'type.googleapis.com/google.rpc.QuotaFailure', 'violations': [{'quotaMetric': 'generativelanguage.googleapis.com/generate_content_free_tier_requests', 'quotaId': 'GenerateRequestsPerDayPerProjectPerModel-FreeTier', 'quotaDimensions': {'model': 'gemini-2.5-flash-lite', 'location': 'global'}, 'quotaValue': '20'}]}, {'@type': 'type.googleapis.com/google.rpc.RetryInfo', 'retryDelay': '12s'}]}}). No live Gemini call made.; Missing required field(s): vendor_name, vendor_gstin, invoice_number, invoice_date, taxable_amount, total_gst_amount, total_amount",,,,,,,,,,,,,,,,,,,
invoice_51109397.pdf,1,digital_text,99.0,NEEDS_MANUAL_REVIEW,"DEMO_MODE stub — live call failed (429 RESOURCE_EXHAUSTED. {'error': {'code': 429, 'message': 'You exceeded your current quota, please check your plan and billing details. For more information on this error, head to: https://ai.google.dev/gemini-api/docs/rate-limits. To monitor your current usage, head to: https://ai.dev/rate-limit. \n* Quota exceeded for metric: generativelanguage.googleapis.com/generate_content_free_tier_requests, limit: 20, model: gemini-2.5-flash-lite\nPlease retry in 9.093845513s.', 'status': 'RESOURCE_EXHAUSTED', 'details': [{'@type': 'type.googleapis.com/google.rpc.Help', 'links': [{'description': 'Learn more about Gemini API quotas', 'url': 'https://ai.google.dev/gemini-api/docs/rate-limits'}]}, {'@type': 'type.googleapis.com/google.rpc.QuotaFailure', 'violations': [{'quotaMetric': 'generativelanguage.googleapis.com/generate_content_free_tier_requests', 'quotaId': 'GenerateRequestsPerDayPerProjectPerModel-FreeTier', 'quotaDimensions': {'location': 'global', 'model': 'gemini-2.5-flash-lite'}, 'quotaValue': '20'}]}, {'@type': 'type.googleapis.com/google.rpc.RetryInfo', 'retryDelay': '9s'}]}}). No live Gemini call made.; Missing required field(s): vendor_name, vendor_gstin, invoice_number, invoice_date, taxable_amount, total_gst_amount, total_amount",,,,,,,,,,,,,,,,,,,
invoice_51109398.pdf,1,digital_text,99.0,NEEDS_MANUAL_REVIEW,"DEMO_MODE stub — live call failed (429 RESOURCE_EXHAUSTED. {'error': {'code': 429, 'message': 'You exceeded your current quota, please check your plan and billing details. For more information on this error, head to: https://ai.google.dev/gemini-api/docs/rate-limits. To monitor your current usage, head to: https://ai.dev/rate-limit. \n* Quota exceeded for metric: generativelanguage.googleapis.com/generate_content_free_tier_requests, limit: 20, model: gemini-2.5-flash-lite\nPlease retry in 4.421272554s.', 'status': 'RESOURCE_EXHAUSTED', 'details': [{'@type': 'type.googleapis.com/google.rpc.Help', 'links': [{'description': 'Learn more about Gemini API quotas', 'url': 'https://ai.google.dev/gemini-api/docs/rate-limits'}]}, {'@type': 'type.googleapis.com/google.rpc.QuotaFailure', 'violations': [{'quotaMetric': 'generativelanguage.googleapis.com/generate_content_free_tier_requests', 'quotaId': 'GenerateRequestsPerDayPerProjectPerModel-FreeTier', 'quotaDimensions': {'location': 'global', 'model': 'gemini-2.5-flash-lite'}, 'quotaValue': '20'}]}, {'@type': 'type.googleapis.com/google.rpc.RetryInfo', 'retryDelay': '4s'}]}}). No live Gemini call made.; Missing required field(s): vendor_name, vendor_gstin, invoice_number, invoice_date, taxable_amount, total_gst_amount, total_amount",,,,,,,,,,,,,,,,,,,
invoice_51109399.pdf,1,digital_text,99.0,NEEDS_MANUAL_REVIEW,"DEMO_MODE stub — live call failed (429 RESOURCE_EXHAUSTED. {'error': {'code': 429, 'message': 'You exceeded your current quota, please check your plan and billing details. For more information on this error, head to: https://ai.google.dev/gemini-api/docs/rate-limits. To monitor your current usage, head to: https://ai.dev/rate-limit. \n* Quota exceeded for metric: generativelanguage.googleapis.com/generate_content_free_tier_requests, limit: 20, model: gemini-2.5-flash-lite\nPlease retry in 115.288294ms.', 'status': 'RESOURCE_EXHAUSTED', 'details': [{'@type': 'type.googleapis.com/google.rpc.Help', 'links': [{'description': 'Learn more about Gemini API quotas', 'url': 'https://ai.google.dev/gemini-api/docs/rate-limits'}]}, {'@type': 'type.googleapis.com/google.rpc.QuotaFailure', 'violations': [{'quotaMetric': 'generativelanguage.googleapis.com/generate_content_free_tier_requests', 'quotaId': 'GenerateRequestsPerDayPerProjectPerModel-FreeTier', 'quotaDimensions': {'location': 'global', 'model': 'gemini-2.5-flash-lite'}, 'quotaValue': '20'}]}, {'@type': 'type.googleapis.com/google.rpc.RetryInfo', 'retryDelay': '0s'}]}}). No live Gemini call made.; Missing required field(s): vendor_name, vendor_gstin, invoice_number, invoice_date, taxable_amount, total_gst_amount, total_amount",,,,,,,,,,,,,,,,,,,
invoice_51109400.pdf,1,digital_text,99.0,NEEDS_MANUAL_REVIEW,"DEMO_MODE stub — live call failed (429 RESOURCE_EXHAUSTED. {'error': {'code': 429, 'message': 'You exceeded your current quota, please check your plan and billing details. For more information on this error, head to: https://ai.google.dev/gemini-api/docs/rate-limits. To monitor your current usage, head to: https://ai.dev/rate-limit. \n* Quota exceeded for metric: generativelanguage.googleapis.com/generate_content_free_tier_requests, limit: 20, model: gemini-2.5-flash-lite\nPlease retry in 55.572464864s.', 'status': 'RESOURCE_EXHAUSTED', 'details': [{'@type': 'type.googleapis.com/google.rpc.Help', 'links': [{'description': 'Learn more about Gemini API quotas', 'url': 'https://ai.google.dev/gemini-api/docs/rate-limits'}]}, {'@type': 'type.googleapis.com/google.rpc.QuotaFailure', 'violations': [{'quotaMetric': 'generativelanguage.googleapis.com/generate_content_free_tier_requests', 'quotaId': 'GenerateRequestsPerDayPerProjectPerModel-FreeTier', 'quotaDimensions': {'location': 'global', 'model': 'gemini-2.5-flash-lite'}, 'quotaValue': '20'}]}, {'@type': 'type.googleapis.com/google.rpc.RetryInfo', 'retryDelay': '55s'}]}}). No live Gemini call made.; Missing required field(s): vendor_name, vendor_gstin, invoice_number, invoice_date, taxable_amount, total_gst_amount, total_amount",,,,,,,,,,,,,,,,,,,
